occupancy,consumption_kwh,orientation,size_wdc,battery_kwh,pv_kwh,pv_over_cons,direct_kwh,exported_kwh,charged_kwh,discharged_kwh,self_consumption_fraction,effective_savings_fraction,savings_usd,savings_usd_if_100pct
base,2400,t90_s,400,0,336.5,0.140,321.8,14.7,0.0,0.0,0.9563,0.9563,109,114
base,2400,t90_s,400,1,336.5,0.140,321.8,0.0,14.7,13.2,1.0000,0.9956,114,114
base,2400,t90_s,400,2,336.5,0.140,321.8,0.0,14.7,13.2,1.0000,0.9956,114,114
base,2400,t90_s,800,0,673.0,0.280,493.4,179.7,0.0,0.0,0.7331,0.7331,168,229
base,2400,t90_s,800,1,673.0,0.280,493.4,50.4,129.2,116.3,0.9251,0.9059,207,229
base,2400,t90_s,800,2,673.0,0.280,493.4,6.0,173.6,156.3,0.9911,0.9653,221,229
base,2400,t90_s,1200,0,1009.5,0.421,595.9,413.6,0.0,0.0,0.5903,0.5903,203,343
base,2400,t90_s,1200,1,1009.5,0.421,595.9,218.1,195.5,176.0,0.7840,0.7646,262,343
base,2400,t90_s,1200,2,1009.5,0.421,595.9,104.2,309.4,278.4,0.8967,0.8661,297,343
base,2400,t90_s,1600,0,1346.0,0.561,664.7,681.3,0.0,0.0,0.4938,0.4938,226,458
base,2400,t90_s,1600,1,1346.0,0.561,664.7,433.8,247.5,222.7,0.6777,0.6593,302,458
base,2400,t90_s,1600,2,1346.0,0.561,664.7,279.7,401.7,361.5,0.7922,0.7624,349,458
base,2400,t35_s,400,0,518.1,0.216,480.0,38.1,0.0,0.0,0.9264,0.9264,163,176
base,2400,t35_s,400,1,518.1,0.216,480.0,0.0,38.1,34.3,1.0000,0.9926,175,176
base,2400,t35_s,400,2,518.1,0.216,480.0,0.0,38.1,34.3,1.0000,0.9926,175,176
base,2400,t35_s,800,0,1036.2,0.432,681.5,354.7,0.0,0.0,0.6577,0.6577,232,352
base,2400,t35_s,800,1,1036.2,0.432,681.5,119.2,235.5,212.0,0.8849,0.8622,304,352
base,2400,t35_s,800,2,1036.2,0.432,681.5,13.2,341.5,307.3,0.9872,0.9543,336,352
base,2400,t35_s,1200,0,1554.3,0.648,776.0,778.3,0.0,0.0,0.4993,0.4993,264,528
base,2400,t35_s,1200,1,1554.3,0.648,776.0,475.1,303.2,272.8,0.6943,0.6748,357,528
base,2400,t35_s,1200,2,1554.3,0.648,776.0,246.4,531.9,478.7,0.8415,0.8073,427,528
base,2400,t35_s,1600,0,2072.4,0.864,833.7,1238.7,0.0,0.0,0.4023,0.4023,283,705
base,2400,t35_s,1600,1,2072.4,0.864,833.7,910.2,328.5,295.7,0.5608,0.5449,384,705
base,2400,t35_s,1600,2,2072.4,0.864,833.7,632.9,605.8,545.3,0.6946,0.6654,469,705
base,2400,t60_s,400,0,466.5,0.194,431.1,35.4,0.0,0.0,0.9241,0.9241,147,159
base,2400,t60_s,400,1,466.5,0.194,431.1,0.0,35.4,31.9,1.0000,0.9924,157,159
base,2400,t60_s,400,2,466.5,0.194,431.1,0.0,35.4,31.9,1.0000,0.9924,157,159
base,2400,t60_s,800,0,933.0,0.389,621.0,311.9,0.0,0.0,0.6657,0.6657,211,317
base,2400,t60_s,800,1,933.0,0.389,621.0,105.3,206.6,186.0,0.8871,0.8650,274,317
base,2400,t60_s,800,2,933.0,0.389,621.0,15.5,296.4,266.8,0.9834,0.9516,302,317
base,2400,t60_s,1200,0,1399.5,0.583,714.6,684.9,0.0,0.0,0.5106,0.5106,243,476
base,2400,t60_s,1200,1,1399.5,0.583,714.6,400.9,284.0,255.6,0.7136,0.6933,330,476
base,2400,t60_s,1200,2,1399.5,0.583,714.6,205.7,479.2,431.3,0.8530,0.8188,390,476
base,2400,t60_s,1600,0,1866.0,0.777,772.1,1093.8,0.0,0.0,0.4138,0.4138,263,634
base,2400,t60_s,1600,1,1866.0,0.777,772.1,775.6,318.2,286.4,0.5843,0.5673,360,634
base,2400,t60_s,1600,2,1866.0,0.777,772.1,521.3,572.6,515.3,0.7206,0.6899,438,634
base,2400,t90_sw,400,0,313.0,0.130,303.0,10.0,0.0,0.0,0.9681,0.9681,103,106
base,2400,t90_sw,400,1,313.0,0.130,303.0,0.0,10.0,9.0,1.0000,0.9968,106,106
base,2400,t90_sw,400,2,313.0,0.130,303.0,0.0,10.0,9.0,1.0000,0.9968,106,106
base,2400,t90_sw,800,0,625.9,0.261,484.7,141.2,0.0,0.0,0.7743,0.7743,165,213
base,2400,t90_sw,800,1,625.9,0.261,484.7,17.1,124.1,111.7,0.9726,0.9528,203,213
base,2400,t90_sw,800,2,625.9,0.261,484.7,0.6,140.6,126.6,0.9990,0.9766,208,213
base,2400,t90_sw,1200,0,938.9,0.391,601.3,337.6,0.0,0.0,0.6405,0.6405,204,319
base,2400,t90_sw,1200,1,938.9,0.391,601.3,139.1,198.5,178.6,0.8519,0.8307,265,319
base,2400,t90_sw,1200,2,938.9,0.391,601.3,36.2,301.4,271.2,0.9615,0.9294,297,319
base,2400,t90_sw,1600,0,1251.8,0.522,682.3,569.5,0.0,0.0,0.5451,0.5451,232,426
base,2400,t90_sw,1600,1,1251.8,0.522,682.3,315.2,254.3,228.9,0.7482,0.7279,310,426
base,2400,t90_sw,1600,2,1251.8,0.522,682.3,159.2,410.3,369.2,0.8728,0.8400,358,426
base,2400,t90_e,400,0,240.9,0.100,238.3,2.6,0.0,0.0,0.9891,0.9891,81,82
base,2400,t90_e,400,1,240.9,0.100,238.3,0.0,2.6,2.4,1.0000,0.9989,82,82
base,2400,t90_e,400,2,240.9,0.100,238.3,0.0,2.6,2.4,1.0000,0.9989,82,82
base,2400,t90_e,800,0,481.8,0.201,385.3,96.5,0.0,0.0,0.7997,0.7997,131,164
base,2400,t90_e,800,1,481.8,0.201,385.3,0.6,95.9,86.3,0.9987,0.9788,160,164
base,2400,t90_e,800,2,481.8,0.201,385.3,0.0,96.5,86.9,1.0000,0.9800,161,164
base,2400,t90_e,1200,0,722.8,0.301,470.0,252.7,0.0,0.0,0.6503,0.6503,160,246
base,2400,t90_e,1200,1,722.8,0.301,470.0,46.2,206.5,185.8,0.9360,0.9074,223,246
base,2400,t90_e,1200,2,722.8,0.301,470.0,1.7,251.0,225.9,0.9976,0.9629,237,246
base,2400,t90_e,1600,0,963.7,0.402,536.8,426.9,0.0,0.0,0.5570,0.5570,183,328
base,2400,t90_e,1600,1,963.7,0.402,536.8,174.3,252.6,227.3,0.8191,0.7929,260,328
base,2400,t90_e,1600,2,963.7,0.402,536.8,33.8,393.1,353.8,0.9650,0.9242,303,328
base,2400,t90_w,400,0,229.7,0.096,228.9,0.7,0.0,0.0,0.9969,0.9969,78,78
base,2400,t90_w,400,1,229.7,0.096,228.9,0.0,0.7,0.6,1.0000,0.9997,78,78
base,2400,t90_w,400,2,229.7,0.096,228.9,0.0,0.7,0.6,1.0000,0.9997,78,78
base,2400,t90_w,800,0,459.3,0.191,407.1,52.2,0.0,0.0,0.8863,0.8863,138,156
base,2400,t90_w,800,1,459.3,0.191,407.1,0.1,52.1,46.9,0.9997,0.9884,154,156
base,2400,t90_w,800,2,459.3,0.191,407.1,0.0,52.2,47.0,1.0000,0.9886,154,156
base,2400,t90_w,1200,0,689.0,0.287,529.6,159.4,0.0,0.0,0.7687,0.7687,180,234
base,2400,t90_w,1200,1,689.0,0.287,529.6,15.9,143.4,129.1,0.9769,0.9560,224,234
base,2400,t90_w,1200,2,689.0,0.287,529.6,0.6,158.7,142.9,0.9991,0.9761,229,234
base,2400,t90_w,1600,0,918.7,0.383,616.2,302.5,0.0,0.0,0.6708,0.6708,210,312
base,2400,t90_w,1600,1,918.7,0.383,616.2,83.4,219.1,197.2,0.9092,0.8854,277,312
base,2400,t90_w,1600,2,918.7,0.383,616.2,12.4,290.0,261.0,0.9865,0.9549,298,312
base,3400,t90_s,400,0,336.5,0.099,335.7,0.8,0.0,0.0,0.9976,0.9976,114,114
base,3400,t90_s,400,1,336.5,0.099,335.7,0.0,0.8,0.7,1.0000,0.9998,114,114
base,3400,t90_s,400,2,336.5,0.099,335.7,0.0,0.8,0.7,1.0000,0.9998,114,114
base,3400,t90_s,800,0,673.0,0.198,575.0,98.0,0.0,0.0,0.8544,0.8544,196,229
base,3400,t90_s,800,1,673.0,0.198,575.0,13.4,84.6,76.1,0.9801,0.9675,221,229
base,3400,t90_s,800,2,673.0,0.198,575.0,0.2,97.7,88.0,0.9996,0.9851,225,229
base,3400,t90_s,1200,0,1009.5,0.297,719.5,290.0,0.0,0.0,0.7127,0.7127,245,343
base,3400,t90_s,1200,1,1009.5,0.297,719.5,134.8,155.2,139.7,0.8665,0.8511,292,343
base,3400,t90_s,1200,2,1009.5,0.297,719.5,49.9,240.2,216.1,0.9506,0.9268,318,343
base,3400,t90_s,1600,0,1346.0,0.396,822.7,523.3,0.0,0.0,0.6112,0.6112,280,458
base,3400,t90_s,1600,1,1346.0,0.396,822.7,319.7,203.6,183.2,0.7625,0.7474,342,458
base,3400,t90_s,1600,2,1346.0,0.396,822.7,190.5,332.8,299.6,0.8585,0.8338,382,458
base,3400,t35_s,400,0,518.1,0.152,516.0,2.1,0.0,0.0,0.9959,0.9959,175,176
base,3400,t35_s,400,1,518.1,0.152,516.0,0.0,2.1,1.9,1.0000,0.9996,176,176
base,3400,t35_s,400,2,518.1,0.152,516.0,0.0,2.1,1.9,1.0000,0.9996,176,176
base,3400,t35_s,800,0,1036.2,0.305,829.6,206.6,0.0,0.0,0.8006,0.8006,282,352
base,3400,t35_s,800,1,1036.2,0.305,829.6,36.9,169.8,152.8,0.9644,0.9480,334,352
base,3400,t35_s,800,2,1036.2,0.305,829.6,0.8,205.8,185.2,0.9992,0.9793,345,352
base,3400,t35_s,1200,0,1554.3,0.457,985.9,568.4,0.0,0.0,0.6343,0.6343,335,528
base,3400,t35_s,1200,1,1554.3,0.457,985.9,299.6,268.8,241.9,0.8072,0.7900,417,528
base,3400,t35_s,1200,2,1554.3,0.457,985.9,124.4,443.9,399.5,0.9199,0.8914,471,528
base,3400,t35_s,1600,0,2072.4,0.610,1080.7,991.7,0.0,0.0,0.5215,0.5215,367,705
base,3400,t35_s,1600,1,2072.4,0.610,1080.7,681.9,309.8,278.8,0.6710,0.6560,462,705
base,3400,t35_s,1600,2,2072.4,0.610,1080.7,433.8,558.0,502.2,0.7907,0.7638,538,705
base,3400,t60_s,400,0,466.5,0.137,464.6,1.9,0.0,0.0,0.9959,0.9959,158,159
base,3400,t60_s,400,1,466.5,0.137,464.6,0.0,1.9,1.7,1.0000,0.9996,159,159
base,3400,t60_s,400,2,466.5,0.137,464.6,0.0,1.9,1.7,1.0000,0.9996,159,159
base,3400,t60_s,800,0,933.0,0.274,748.9,184.1,0.0,0.0,0.8027,0.8027,255,317
base,3400,t60_s,800,1,933.0,0.274,748.9,37.4,146.6,132.0,0.9599,0.9442,300,317
base,3400,t60_s,800,2,933.0,0.274,748.9,0.8,183.2,164.9,0.9991,0.9795,311,317
base,3400,t60_s,1200,0,1399.5,0.412,899.8,499.7,0.0,0.0,0.6430,0.6430,306,476
base,3400,t60_s,1200,1,1399.5,0.412,899.8,257.6,242.0,217.8,0.8159,0.7986,380,476
base,3400,t60_s,1200,2,1399.5,0.412,899.8,112.9,386.8,348.1,0.9193,0.8917,424,476
base,3400,t60_s,1600,0,1866.0,0.549,994.3,871.7,0.0,0.0,0.5328,0.5328,338,634
base,3400,t60_s,1600,1,1866.0,0.549,994.3,580.2,291.5,262.4,0.6891,0.6734,427,634
base,3400,t60_s,1600,2,1866.0,0.549,994.3,362.7,509.0,458.1,0.8056,0.7783,494,634
base,3400,t90_sw,400,0,313.0,0.092,312.5,0.5,0.0,0.0,0.9984,0.9984,106,106
base,3400,t90_sw,400,1,313.0,0.092,312.5,0.0,0.5,0.4,1.0000,0.9998,106,106
base,3400,t90_sw,400,2,313.0,0.092,312.5,0.0,0.5,0.4,1.0000,0.9998,106,106
base,3400,t90_sw,800,0,625.9,0.184,553.3,72.6,0.0,0.0,0.8840,0.8840,188,213
base,3400,t90_sw,800,1,625.9,0.184,553.3,3.4,69.1,62.2,0.9945,0.9834,209,213
base,3400,t90_sw,800,2,625.9,0.184,553.3,0.0,72.6,65.3,1.0000,0.9884,210,213
base,3400,t90_sw,1200,0,938.9,0.276,709.4,229.5,0.0,0.0,0.7556,0.7556,241,319
base,3400,t90_sw,1200,1,938.9,0.276,709.4,72.8,156.7,141.0,0.9225,0.9058,289,319
base,3400,t90_sw,1200,2,938.9,0.276,709.4,12.1,217.4,195.7,0.9872,0.9640,308,319
base,3400,t90_sw,1600,0,1251.8,0.368,827.1,424.7,0.0,0.0,0.6607,0.6607,281,426
base,3400,t90_sw,1600,1,1251.8,0.368,827.1,217.3,207.4,186.7,0.8264,0.8098,345,426
base,3400,t90_sw,1600,2,1251.8,0.368,827.1,91.8,332.9,299.6,0.9266,0.9000,383,426
base,3400,t90_e,400,0,240.9,0.071,240.8,0.1,0.0,0.0,0.9996,0.9996,82,82
base,3400,t90_e,400,1,240.9,0.071,240.8,0.0,0.1,0.1,1.0000,1.0000,82,82
base,3400,t90_e,400,2,240.9,0.071,240.8,0.0,0.1,0.1,1.0000,1.0000,82,82
base,3400,t90_e,800,0,481.8,0.142,443.2,38.6,0.0,0.0,0.9198,0.9198,151,164
base,3400,t90_e,800,1,481.8,0.142,443.2,0.0,38.6,34.8,1.0000,0.9920,163,164
base,3400,t90_e,800,2,481.8,0.142,443.2,0.0,38.6,34.8,1.0000,0.9920,163,164
base,3400,t90_e,1200,0,722.8,0.213,562.4,160.3,0.0,0.0,0.7782,0.7782,191,246
base,3400,t90_e,1200,1,722.8,0.213,562.4,11.4,148.9,134.0,0.9842,0.9636,237,246
base,3400,t90_e,1200,2,722.8,0.213,562.4,0.1,160.3,144.3,0.9999,0.9778,240,246
base,3400,t90_e,1600,0,963.7,0.283,647.2,316.5,0.0,0.0,0.6716,0.6716,220,328
base,3400,t90_e,1600,1,963.7,0.283,647.2,95.0,221.5,199.3,0.9014,0.8784,288,328
base,3400,t90_e,1600,2,963.7,0.283,647.2,9.5,307.0,276.3,0.9901,0.9583,314,328
base,3400,t90_w,400,0,229.7,0.068,229.7,0.0,0.0,0.0,1.0000,1.0000,78,78
base,3400,t90_w,400,1,229.7,0.068,229.7,0.0,0.0,0.0,1.0000,1.0000,78,78
base,3400,t90_w,400,2,229.7,0.068,229.7,0.0,0.0,0.0,1.0000,1.0000,78,78
base,3400,t90_w,800,0,459.3,0.135,442.2,17.1,0.0,0.0,0.9627,0.9627,150,156
base,3400,t90_w,800,1,459.3,0.135,442.2,0.0,17.1,15.4,1.0000,0.9963,156,156
base,3400,t90_w,800,2,459.3,0.135,442.2,0.0,17.1,15.4,1.0000,0.9963,156,156
base,3400,t90_w,1200,0,689.0,0.203,600.3,88.7,0.0,0.0,0.8712,0.8712,204,234
base,3400,t90_w,1200,1,689.0,0.203,600.3,3.6,85.2,76.6,0.9948,0.9824,230,234
base,3400,t90_w,1200,2,689.0,0.203,600.3,0.0,88.7,79.9,1.0000,0.9871,231,234
base,3400,t90_w,1600,0,918.7,0.270,723.9,194.8,0.0,0.0,0.7880,0.7880,246,312
base,3400,t90_w,1600,1,918.7,0.270,723.9,35.9,158.9,143.0,0.9609,0.9436,295,312
base,3400,t90_w,1600,2,918.7,0.270,723.9,3.4,191.4,172.2,0.9963,0.9755,305,312
base,4200,t90_s,400,0,336.5,0.080,336.5,0.0,0.0,0.0,1.0000,1.0000,114,114
base,4200,t90_s,400,1,336.5,0.080,336.5,0.0,0.0,0.0,1.0000,1.0000,114,114
base,4200,t90_s,400,2,336.5,0.080,336.5,0.0,0.0,0.0,1.0000,1.0000,114,114
base,4200,t90_s,800,0,673.0,0.160,619.9,53.1,0.0,0.0,0.9211,0.9211,211,229
base,4200,t90_s,800,1,673.0,0.160,619.9,4.0,49.1,44.2,0.9941,0.9868,226,229
base,4200,t90_s,800,2,673.0,0.160,619.9,0.0,53.1,47.8,1.0000,0.9921,227,229
base,4200,t90_s,1200,0,1009.5,0.240,794.9,214.7,0.0,0.0,0.7874,0.7874,270,343
base,4200,t90_s,1200,1,1009.5,0.240,794.9,85.4,129.3,116.3,0.9154,0.9026,310,343
base,4200,t90_s,1200,2,1009.5,0.240,794.9,22.5,192.1,172.9,0.9777,0.9586,329,343
base,4200,t90_s,1600,0,1346.0,0.320,922.8,423.3,0.0,0.0,0.6855,0.6855,314,458
base,4200,t90_s,1600,1,1346.0,0.320,922.8,246.3,177.0,159.3,0.8170,0.8039,368,458
base,4200,t90_s,1600,2,1346.0,0.320,922.8,135.0,288.3,259.5,0.8997,0.8783,402,458
base,4200,t35_s,400,0,518.1,0.123,518.0,0.1,0.0,0.0,0.9998,0.9998,176,176
base,4200,t35_s,400,1,518.1,0.123,518.0,0.0,0.1,0.1,1.0000,1.0000,176,176
base,4200,t35_s,400,2,518.1,0.123,518.0,0.0,0.1,0.1,1.0000,1.0000,176,176
base,4200,t35_s,800,0,1036.2,0.247,913.5,122.7,0.0,0.0,0.8816,0.8816,311,352
base,4200,t35_s,800,1,1036.2,0.247,913.5,7.2,115.5,104.0,0.9930,0.9819,346,352
base,4200,t35_s,800,2,1036.2,0.247,913.5,0.0,122.7,110.4,1.0000,0.9882,348,352
base,4200,t35_s,1200,0,1554.3,0.370,1120.5,433.8,0.0,0.0,0.7209,0.7209,381,528
base,4200,t35_s,1200,1,1554.3,0.370,1120.5,199.3,234.5,211.1,0.8718,0.8567,453,528
base,4200,t35_s,1200,2,1554.3,0.370,1120.5,61.5,372.3,335.0,0.9604,0.9365,495,528
base,4200,t35_s,1600,0,2072.4,0.493,1250.4,822.0,0.0,0.0,0.6033,0.6033,425,705
base,4200,t35_s,1600,1,2072.4,0.493,1250.4,530.5,291.5,262.4,0.7440,0.7299,514,705
base,4200,t35_s,1600,2,2072.4,0.493,1250.4,312.6,509.4,458.5,0.8492,0.8246,581,705
base,4200,t60_s,400,0,466.5,0.111,466.5,0.0,0.0,0.0,0.9999,0.9999,159,159
base,4200,t60_s,400,1,466.5,0.111,466.5,0.0,0.0,0.0,1.0000,1.0000,159,159
base,4200,t60_s,400,2,466.5,0.111,466.5,0.0,0.0,0.0,1.0000,1.0000,159,159
base,4200,t60_s,800,0,933.0,0.222,821.4,111.6,0.0,0.0,0.8804,0.8804,279,317
base,4200,t60_s,800,1,933.0,0.222,821.4,9.0,102.6,92.3,0.9903,0.9793,311,317
base,4200,t60_s,800,2,933.0,0.222,821.4,0.0,111.6,100.5,1.0000,0.9880,313,317
base,4200,t60_s,1200,0,1399.5,0.333,1017.9,381.5,0.0,0.0,0.7274,0.7274,346,476
base,4200,t60_s,1200,1,1399.5,0.333,1017.9,176.0,205.5,184.9,0.8742,0.8595,409,476
base,4200,t60_s,1200,2,1399.5,0.333,1017.9,61.4,320.1,288.1,0.9561,0.9332,444,476
base,4200,t60_s,1600,0,1866.0,0.444,1144.0,722.0,0.0,0.0,0.6131,0.6131,389,634
base,4200,t60_s,1600,1,1866.0,0.444,1144.0,454.6,267.4,240.6,0.7564,0.7420,471,634
base,4200,t60_s,1600,2,1866.0,0.444,1144.0,268.1,453.9,408.5,0.8563,0.8320,528,634
base,4200,t90_sw,400,0,313.0,0.075,312.9,0.0,0.0,0.0,1.0000,1.0000,106,106
base,4200,t90_sw,400,1,313.0,0.075,312.9,0.0,0.0,0.0,1.0000,1.0000,106,106
base,4200,t90_sw,400,2,313.0,0.075,312.9,0.0,0.0,0.0,1.0000,1.0000,106,106
base,4200,t90_sw,800,0,625.9,0.149,588.7,37.2,0.0,0.0,0.9406,0.9406,200,213
base,4200,t90_sw,800,1,625.9,0.149,588.7,0.5,36.6,33.0,0.9992,0.9933,211,213
base,4200,t90_sw,800,2,625.9,0.149,588.7,0.0,37.2,33.4,1.0000,0.9941,212,213
base,4200,t90_sw,1200,0,938.9,0.224,774.1,164.8,0.0,0.0,0.8245,0.8245,263,319
base,4200,t90_sw,1200,1,938.9,0.224,774.1,36.7,128.1,115.3,0.9610,0.9473,302,319
base,4200,t90_sw,1200,2,938.9,0.224,774.1,5.2,159.6,143.7,0.9945,0.9775,312,319
base,4200,t90_sw,1600,0,1251.8,0.298,914.7,337.1,0.0,0.0,0.7307,0.7307,311,426
base,4200,t90_sw,1600,1,1251.8,0.298,914.7,157.3,179.9,161.9,0.8744,0.8600,366,426
base,4200,t90_sw,1600,2,1251.8,0.298,914.7,53.7,283.4,255.1,0.9571,0.9344,398,426
base,4200,t90_e,400,0,240.9,0.057,240.9,0.0,0.0,0.0,1.0000,1.0000,82,82
base,4200,t90_e,400,1,240.9,0.057,240.9,0.0,0.0,0.0,1.0000,1.0000,82,82
base,4200,t90_e,400,2,240.9,0.057,240.9,0.0,0.0,0.0,1.0000,1.0000,82,82
base,4200,t90_e,800,0,481.8,0.115,468.1,13.8,0.0,0.0,0.9714,0.9714,159,164
base,4200,t90_e,800,1,481.8,0.115,468.1,0.0,13.8,12.4,1.0000,0.9971,163,164
base,4200,t90_e,800,2,481.8,0.115,468.1,0.0,13.8,12.4,1.0000,0.9971,163,164
base,4200,t90_e,1200,0,722.8,0.172,618.7,104.1,0.0,0.0,0.8559,0.8559,210,246
base,4200,t90_e,1200,1,722.8,0.172,618.7,3.2,100.9,90.8,0.9956,0.9816,241,246
base,4200,t90_e,1200,2,722.8,0.172,618.7,0.0,104.1,93.7,1.0000,0.9856,242,246
base,4200,t90_e,1600,0,963.7,0.229,722.2,241.5,0.0,0.0,0.7494,0.7494,246,328
base,4200,t90_e,1600,1,963.7,0.229,722.2,51.1,190.4,171.4,0.9470,0.9272,304,328
base,4200,t90_e,1600,2,963.7,0.229,722.2,3.2,238.3,214.5,0.9967,0.9720,318,328
base,4200,t90_w,400,0,229.7,0.055,229.7,0.0,0.0,0.0,1.0000,1.0000,78,78
base,4200,t90_w,400,1,229.7,0.055,229.7,0.0,0.0,0.0,1.0000,1.0000,78,78
base,4200,t90_w,400,2,229.7,0.055,229.7,0.0,0.0,0.0,1.0000,1.0000,78,78
base,4200,t90_w,800,0,459.3,0.109,454.8,4.6,0.0,0.0,0.9900,0.9900,155,156
base,4200,t90_w,800,1,459.3,0.109,454.8,0.0,4.6,4.1,1.0000,0.9990,156,156
base,4200,t90_w,800,2,459.3,0.109,454.8,0.0,4.6,4.1,1.0000,0.9990,156,156
base,4200,t90_w,1200,0,689.0,0.164,636.5,52.5,0.0,0.0,0.9238,0.9238,216,234
base,4200,t90_w,1200,1,689.0,0.164,636.5,0.7,51.8,46.6,0.9990,0.9915,232,234
base,4200,t90_w,1200,2,689.0,0.164,636.5,0.0,52.5,47.3,1.0000,0.9924,232,234
base,4200,t90_w,1600,0,918.7,0.219,781.1,137.6,0.0,0.0,0.8502,0.8502,266,312
base,4200,t90_w,1600,1,918.7,0.219,781.1,16.7,120.9,108.8,0.9818,0.9686,303,312
base,4200,t90_w,1600,2,918.7,0.219,781.1,0.9,136.7,123.0,0.9990,0.9841,307,312
base,7000,t90_s,400,0,336.5,0.048,336.5,0.0,0.0,0.0,1.0000,1.0000,114,114
base,7000,t90_s,400,1,336.5,0.048,336.5,0.0,0.0,0.0,1.0000,1.0000,114,114
base,7000,t90_s,400,2,336.5,0.048,336.5,0.0,0.0,0.0,1.0000,1.0000,114,114
base,7000,t90_s,800,0,673.0,0.096,672.0,1.0,0.0,0.0,0.9985,0.9985,228,229
base,7000,t90_s,800,1,673.0,0.096,672.0,0.0,1.0,0.9,1.0000,0.9999,229,229
base,7000,t90_s,800,2,673.0,0.096,672.0,0.0,1.0,0.9,1.0000,0.9999,229,229
base,7000,t90_s,1200,0,1009.5,0.144,958.6,50.9,0.0,0.0,0.9496,0.9496,326,343
base,7000,t90_s,1200,1,1009.5,0.144,958.6,7.3,43.6,39.2,0.9927,0.9884,339,343
base,7000,t90_s,1200,2,1009.5,0.144,958.6,0.2,50.7,45.7,0.9998,0.9948,341,343
base,7000,t90_s,1600,0,1346.0,0.192,1163.0,183.0,0.0,0.0,0.8640,0.8640,395,458
base,7000,t90_s,1600,1,1346.0,0.192,1163.0,74.8,108.2,97.4,0.9444,0.9364,429,458
base,7000,t90_s,1600,2,1346.0,0.192,1163.0,22.5,160.4,144.4,0.9832,0.9713,445,458
base,7000,t35_s,400,0,518.1,0.074,518.1,0.0,0.0,0.0,1.0000,1.0000,176,176
base,7000,t35_s,400,1,518.1,0.074,518.1,0.0,0.0,0.0,1.0000,1.0000,176,176
base,7000,t35_s,400,2,518.1,0.074,518.1,0.0,0.0,0.0,1.0000,1.0000,176,176
base,7000,t35_s,800,0,1036.2,0.148,1033.3,2.9,0.0,0.0,0.9972,0.9972,351,352
base,7000,t35_s,800,1,1036.2,0.148,1033.3,0.0,2.9,2.6,1.0000,0.9997,352,352
base,7000,t35_s,800,2,1036.2,0.148,1033.3,0.0,2.9,2.6,1.0000,0.9997,352,352
base,7000,t35_s,1200,0,1554.3,0.222,1426.2,128.1,0.0,0.0,0.9176,0.9176,485,528
base,7000,t35_s,1200,1,1554.3,0.222,1426.2,15.4,112.6,101.4,0.9901,0.9828,519,528
base,7000,t35_s,1200,2,1554.3,0.222,1426.2,0.5,127.5,114.8,0.9996,0.9914,524,528
base,7000,t35_s,1600,0,2072.4,0.296,1683.1,389.3,0.0,0.0,0.8121,0.8121,572,705
base,7000,t35_s,1600,1,2072.4,0.296,1683.1,184.2,205.1,184.6,0.9111,0.9012,635,705
base,7000,t35_s,1600,2,2072.4,0.296,1683.1,62.5,326.8,294.2,0.9698,0.9541,672,705
base,7000,t60_s,400,0,466.5,0.067,466.5,0.0,0.0,0.0,1.0000,1.0000,159,159
base,7000,t60_s,400,1,466.5,0.067,466.5,0.0,0.0,0.0,1.0000,1.0000,159,159
base,7000,t60_s,400,2,466.5,0.067,466.5,0.0,0.0,0.0,1.0000,1.0000,159,159
base,7000,t60_s,800,0,933.0,0.133,930.6,2.3,0.0,0.0,0.9975,0.9975,316,317
base,7000,t60_s,800,1,933.0,0.133,930.6,0.0,2.3,2.1,1.0000,0.9998,317,317
base,7000,t60_s,800,2,933.0,0.133,930.6,0.0,2.3,2.1,1.0000,0.9998,317,317
base,7000,t60_s,1200,0,1399.5,0.200,1281.0,118.5,0.0,0.0,0.9153,0.9153,436,476
base,7000,t60_s,1200,1,1399.5,0.200,1281.0,18.6,99.9,89.9,0.9867,0.9796,466,476
base,7000,t60_s,1200,2,1399.5,0.200,1281.0,0.6,117.9,106.1,0.9996,0.9912,472,476
base,7000,t60_s,1600,0,1866.0,0.267,1518.4,347.5,0.0,0.0,0.8137,0.8137,516,634
base,7000,t60_s,1600,1,1866.0,0.267,1518.4,168.2,179.3,161.4,0.9099,0.9002,571,634
base,7000,t60_s,1600,2,1866.0,0.267,1518.4,65.2,282.3,254.1,0.9651,0.9499,603,634
base,7000,t90_sw,400,0,313.0,0.045,313.0,0.0,0.0,0.0,1.0000,1.0000,106,106
base,7000,t90_sw,400,1,313.0,0.045,313.0,0.0,0.0,0.0,1.0000,1.0000,106,106
base,7000,t90_sw,400,2,313.0,0.045,313.0,0.0,0.0,0.0,1.0000,1.0000,106,106
base,7000,t90_sw,800,0,625.9,0.089,625.3,0.6,0.0,0.0,0.9990,0.9990,213,213
base,7000,t90_sw,800,1,625.9,0.089,625.3,0.0,0.6,0.6,1.0000,0.9999,213,213
base,7000,t90_sw,800,2,625.9,0.089,625.3,0.0,0.6,0.6,1.0000,0.9999,213,213
base,7000,t90_sw,1200,0,938.9,0.134,904.0,34.8,0.0,0.0,0.9629,0.9629,307,319
base,7000,t90_sw,1200,1,938.9,0.134,904.0,1.4,33.5,30.1,0.9986,0.9950,318,319
base,7000,t90_sw,1200,2,938.9,0.134,904.0,0.0,34.8,31.3,1.0000,0.9963,318,319
base,7000,t90_sw,1600,0,1251.8,0.179,1117.1,134.7,0.0,0.0,0.8924,0.8924,380,426
base,7000,t90_sw,1600,1,1251.8,0.179,1117.1,30.1,104.6,94.2,0.9760,0.9676,412,426
base,7000,t90_sw,1600,2,1251.8,0.179,1117.1,5.8,128.9,116.0,0.9954,0.9851,419,426
base,7000,t90_e,400,0,240.9,0.034,240.9,0.0,0.0,0.0,1.0000,1.0000,82,82
base,7000,t90_e,400,1,240.9,0.034,240.9,0.0,0.0,0.0,1.0000,1.0000,82,82
base,7000,t90_e,400,2,240.9,0.034,240.9,0.0,0.0,0.0,1.0000,1.0000,82,82
base,7000,t90_e,800,0,481.8,0.069,481.7,0.1,0.0,0.0,0.9998,0.9998,164,164
base,7000,t90_e,800,1,481.8,0.069,481.7,0.0,0.1,0.1,1.0000,1.0000,164,164
base,7000,t90_e,800,2,481.8,0.069,481.7,0.0,0.1,0.1,1.0000,1.0000,164,164
base,7000,t90_e,1200,0,722.8,0.103,712.8,10.0,0.0,0.0,0.9862,0.9862,242,246
base,7000,t90_e,1200,1,722.8,0.103,712.8,0.0,10.0,9.0,1.0000,0.9986,245,246
base,7000,t90_e,1200,2,722.8,0.103,712.8,0.0,10.0,9.0,1.0000,0.9986,245,246
base,7000,t90_e,1600,0,963.7,0.138,894.5,69.2,0.0,0.0,0.9282,0.9282,304,328
base,7000,t90_e,1600,1,963.7,0.138,894.5,2.4,66.8,60.1,0.9975,0.9906,325,328
base,7000,t90_e,1600,2,963.7,0.138,894.5,0.0,69.2,62.3,1.0000,0.9928,325,328
base,7000,t90_w,400,0,229.7,0.033,229.7,0.0,0.0,0.0,1.0000,1.0000,78,78
base,7000,t90_w,400,1,229.7,0.033,229.7,0.0,0.0,0.0,1.0000,1.0000,78,78
base,7000,t90_w,400,2,229.7,0.033,229.7,0.0,0.0,0.0,1.0000,1.0000,78,78
base,7000,t90_w,800,0,459.3,0.066,459.3,0.0,0.0,0.0,1.0000,1.0000,156,156
base,7000,t90_w,800,1,459.3,0.066,459.3,0.0,0.0,0.0,1.0000,1.0000,156,156
base,7000,t90_w,800,2,459.3,0.066,459.3,0.0,0.0,0.0,1.0000,1.0000,156,156
base,7000,t90_w,1200,0,689.0,0.098,686.3,2.7,0.0,0.0,0.9962,0.9962,233,234
base,7000,t90_w,1200,1,689.0,0.098,686.3,0.0,2.7,2.4,1.0000,0.9996,234,234
base,7000,t90_w,1200,2,689.0,0.098,686.3,0.0,2.7,2.4,1.0000,0.9996,234,234
base,7000,t90_w,1600,0,918.7,0.131,888.8,29.9,0.0,0.0,0.9675,0.9675,302,312
base,7000,t90_w,1600,1,918.7,0.131,888.8,0.4,29.5,26.5,0.9995,0.9963,311,312
base,7000,t90_w,1600,2,918.7,0.131,888.8,0.0,29.9,26.9,1.0000,0.9967,311,312
wfh,2400,t90_s,400,0,336.5,0.140,329.0,7.5,0.0,0.0,0.9777,0.9777,112,114
wfh,2400,t90_s,400,1,336.5,0.140,329.0,0.0,7.5,6.7,1.0000,0.9978,114,114
wfh,2400,t90_s,400,2,336.5,0.140,329.0,0.0,7.5,6.7,1.0000,0.9978,114,114
wfh,2400,t90_s,800,0,673.0,0.280,544.4,128.6,0.0,0.0,0.8090,0.8090,185,229
wfh,2400,t90_s,800,1,673.0,0.280,544.4,29.5,99.0,89.1,0.9561,0.9414,215,229
wfh,2400,t90_s,800,2,673.0,0.280,544.4,3.8,124.8,112.3,0.9944,0.9758,223,229
wfh,2400,t90_s,1200,0,1009.5,0.421,670.2,339.4,0.0,0.0,0.6638,0.6638,228,343
wfh,2400,t90_s,1200,1,1009.5,0.421,670.2,170.1,169.3,152.4,0.8316,0.8148,280,343
wfh,2400,t90_s,1200,2,1009.5,0.421,670.2,75.3,264.0,237.6,0.9254,0.8992,309,343
wfh,2400,t90_s,1600,0,1346.0,0.561,755.8,590.2,0.0,0.0,0.5615,0.5615,257,458
wfh,2400,t90_s,1600,1,1346.0,0.561,755.8,369.4,220.8,198.7,0.7255,0.7091,325,458
wfh,2400,t90_s,1600,2,1346.0,0.561,755.8,230.4,359.8,323.8,0.8288,0.8021,367,458
wfh,2400,t35_s,400,0,518.1,0.216,502.4,15.7,0.0,0.0,0.9696,0.9696,171,176
wfh,2400,t35_s,400,1,518.1,0.216,502.4,0.0,15.7,14.2,1.0000,0.9970,176,176
wfh,2400,t35_s,400,2,518.1,0.216,502.4,0.0,15.7,14.2,1.0000,0.9970,176,176
wfh,2400,t35_s,800,0,1036.2,0.432,767.2,269.0,0.0,0.0,0.7404,0.7404,261,352
wfh,2400,t35_s,800,1,1036.2,0.432,767.2,68.9,200.2,180.1,0.9335,0.9142,322,352
wfh,2400,t35_s,800,2,1036.2,0.432,767.2,6.9,262.2,235.9,0.9934,0.9681,341,352
wfh,2400,t35_s,1200,0,1554.3,0.648,879.8,674.5,0.0,0.0,0.5660,0.5660,299,528
wfh,2400,t35_s,1200,1,1554.3,0.648,879.8,385.2,289.4,260.4,0.7522,0.7336,388,528
wfh,2400,t35_s,1200,2,1554.3,0.648,879.8,181.2,493.3,444.0,0.8834,0.8517,450,528
wfh,2400,t35_s,1600,0,2072.4,0.864,948.9,1123.5,0.0,0.0,0.4579,0.4579,323,705
wfh,2400,t35_s,1600,1,2072.4,0.864,948.9,802.7,320.7,288.7,0.6127,0.5972,421,705
wfh,2400,t35_s,1600,2,2072.4,0.864,948.9,537.2,586.3,527.6,0.7408,0.7125,502,705
wfh,2400,t60_s,400,0,466.5,0.194,451.8,14.7,0.0,0.0,0.9685,0.9685,154,159
wfh,2400,t60_s,400,1,466.5,0.194,451.8,0.0,14.7,13.2,1.0000,0.9969,158,159
wfh,2400,t60_s,400,2,466.5,0.194,451.8,0.0,14.7,13.2,1.0000,0.9969,158,159
wfh,2400,t60_s,800,0,933.0,0.389,699.8,233.2,0.0,0.0,0.7500,0.7500,238,317
wfh,2400,t60_s,800,1,933.0,0.389,699.8,65.1,168.1,151.3,0.9302,0.9122,289,317
wfh,2400,t60_s,800,2,933.0,0.389,699.8,8.3,224.9,202.4,0.9911,0.9670,307,317
wfh,2400,t60_s,1200,0,1399.5,0.583,814.0,585.5,0.0,0.0,0.5816,0.5816,277,476
wfh,2400,t60_s,1200,1,1399.5,0.583,814.0,319.5,266.0,239.4,0.7717,0.7527,358,476
wfh,2400,t60_s,1200,2,1399.5,0.583,814.0,153.9,431.6,388.4,0.8900,0.8592,409,476
wfh,2400,t60_s,1600,0,1866.0,0.777,881.7,984.3,0.0,0.0,0.4725,0.4725,300,634
wfh,2400,t60_s,1600,1,1866.0,0.777,881.7,676.2,308.0,277.2,0.6376,0.6211,394,634
wfh,2400,t60_s,1600,2,1866.0,0.777,881.7,438.2,546.1,491.5,0.7652,0.7359,467,634
wfh,2400,t90_sw,400,0,313.0,0.130,307.9,5.0,0.0,0.0,0.9839,0.9839,105,106
wfh,2400,t90_sw,400,1,313.0,0.130,307.9,0.0,5.0,4.5,1.0000,0.9984,106,106
wfh,2400,t90_sw,400,2,313.0,0.130,307.9,0.0,5.0,4.5,1.0000,0.9984,106,106
wfh,2400,t90_sw,800,0,625.9,0.261,531.9,94.0,0.0,0.0,0.8498,0.8498,181,213
wfh,2400,t90_sw,800,1,625.9,0.261,531.9,10.0,84.1,75.7,0.9841,0.9707,207,213
wfh,2400,t90_sw,800,2,625.9,0.261,531.9,0.6,93.4,84.0,0.9990,0.9840,209,213
wfh,2400,t90_sw,1200,0,938.9,0.391,671.0,267.8,0.0,0.0,0.7147,0.7147,228,319
wfh,2400,t90_sw,1200,1,938.9,0.391,671.0,95.0,172.8,155.5,0.8988,0.8804,281,319
wfh,2400,t90_sw,1200,2,938.9,0.391,671.0,22.3,245.5,221.0,0.9762,0.9501,303,319
wfh,2400,t90_sw,1600,0,1251.8,0.522,766.5,485.3,0.0,0.0,0.6123,0.6123,261,426
wfh,2400,t90_sw,1600,1,1251.8,0.522,766.5,252.8,232.5,209.2,0.7980,0.7795,332,426
wfh,2400,t90_sw,1600,2,1251.8,0.522,766.5,116.0,369.3,332.4,0.9074,0.8779,374,426
wfh,2400,t90_e,400,0,240.9,0.100,235.2,5.7,0.0,0.0,0.9764,0.9764,80,82
wfh,2400,t90_e,400,1,240.9,0.100,235.2,0.0,5.7,5.1,1.0000,0.9976,82,82
wfh,2400,t90_e,400,2,240.9,0.100,235.2,0.0,5.7,5.1,1.0000,0.9976,82,82
wfh,2400,t90_e,800,0,481.8,0.201,385.8,96.0,0.0,0.0,0.8007,0.8007,131,164
wfh,2400,t90_e,800,1,481.8,0.201,385.8,0.6,95.4,85.9,0.9987,0.9789,160,164
wfh,2400,t90_e,800,2,481.8,0.201,385.8,0.0,96.0,86.4,1.0000,0.9801,161,164
wfh,2400,t90_e,1200,0,722.8,0.301,480.8,241.9,0.0,0.0,0.6653,0.6653,163,246
wfh,2400,t90_e,1200,1,722.8,0.301,480.8,41.7,200.2,180.2,0.9423,0.9146,225,246
wfh,2400,t90_e,1200,2,722.8,0.301,480.8,1.5,240.5,216.4,0.9979,0.9647,237,246
wfh,2400,t90_e,1600,0,963.7,0.402,553.4,410.3,0.0,0.0,0.5743,0.5743,188,328
wfh,2400,t90_e,1600,1,963.7,0.402,553.4,163.1,247.2,222.5,0.8308,0.8051,264,328
wfh,2400,t90_e,1600,2,963.7,0.402,553.4,30.2,380.1,342.1,0.9687,0.9292,304,328
wfh,2400,t90_w,400,0,229.7,0.096,229.1,0.5,0.0,0.0,0.9977,0.9977,78,78
wfh,2400,t90_w,400,1,229.7,0.096,229.1,0.0,0.5,0.5,1.0000,0.9998,78,78
wfh,2400,t90_w,400,2,229.7,0.096,229.1,0.0,0.5,0.5,1.0000,0.9998,78,78
wfh,2400,t90_w,800,0,459.3,0.191,428.9,30.4,0.0,0.0,0.9338,0.9338,146,156
wfh,2400,t90_w,800,1,459.3,0.191,428.9,0.1,30.3,27.3,0.9998,0.9932,155,156
wfh,2400,t90_w,800,2,459.3,0.191,428.9,0.0,30.4,27.4,1.0000,0.9934,155,156
wfh,2400,t90_w,1200,0,689.0,0.287,566.8,122.2,0.0,0.0,0.8227,0.8227,193,234
wfh,2400,t90_w,1200,1,689.0,0.287,566.8,9.9,112.3,101.0,0.9856,0.9693,227,234
wfh,2400,t90_w,1200,2,689.0,0.287,566.8,0.5,121.6,109.5,0.9992,0.9816,230,234
wfh,2400,t90_w,1600,0,918.7,0.383,663.9,254.7,0.0,0.0,0.7227,0.7227,226,312
wfh,2400,t90_w,1600,1,918.7,0.383,663.9,59.7,195.0,175.5,0.9350,0.9138,285,312
wfh,2400,t90_w,1600,2,918.7,0.383,663.9,8.1,246.6,221.9,0.9911,0.9643,301,312
wfh,3400,t90_s,400,0,336.5,0.099,335.9,0.6,0.0,0.0,0.9981,0.9981,114,114
wfh,3400,t90_s,400,1,336.5,0.099,335.9,0.0,0.6,0.6,1.0000,0.9998,114,114
wfh,3400,t90_s,400,2,336.5,0.099,335.9,0.0,0.6,0.6,1.0000,0.9998,114,114
wfh,3400,t90_s,800,0,673.0,0.198,612.1,60.9,0.0,0.0,0.9095,0.9095,208,229
wfh,3400,t90_s,800,1,673.0,0.198,612.1,8.3,52.6,47.4,0.9877,0.9799,224,229
wfh,3400,t90_s,800,2,673.0,0.198,612.1,0.3,60.6,54.5,0.9995,0.9905,227,229
wfh,3400,t90_s,1200,0,1009.5,0.297,779.1,230.5,0.0,0.0,0.7717,0.7717,265,343
wfh,3400,t90_s,1200,1,1009.5,0.297,779.1,98.4,132.1,118.9,0.9025,0.8895,305,343
wfh,3400,t90_s,1200,2,1009.5,0.297,779.1,31.8,198.7,178.8,0.9685,0.9488,326,343
wfh,3400,t90_s,1600,0,1346.0,0.396,899.7,446.3,0.0,0.0,0.6684,0.6684,306,458
wfh,3400,t90_s,1600,1,1346.0,0.396,899.7,265.1,181.2,163.1,0.8030,0.7896,361,458
wfh,3400,t90_s,1600,2,1346.0,0.396,899.7,151.4,294.9,265.4,0.8875,0.8656,396,458
wfh,3400,t35_s,400,0,518.1,0.152,516.8,1.3,0.0,0.0,0.9976,0.9976,176,176
wfh,3400,t35_s,400,1,518.1,0.152,516.8,0.0,1.3,1.1,1.0000,0.9998,176,176
wfh,3400,t35_s,400,2,518.1,0.152,516.8,0.0,1.3,1.1,1.0000,0.9998,176,176
wfh,3400,t35_s,800,0,1036.2,0.305,897.9,138.3,0.0,0.0,0.8665,0.8665,305,352
wfh,3400,t35_s,800,1,1036.2,0.305,897.9,17.6,120.7,108.6,0.9830,0.9714,342,352
wfh,3400,t35_s,800,2,1036.2,0.305,897.9,0.3,138.0,124.2,0.9997,0.9864,348,352
wfh,3400,t35_s,1200,0,1554.3,0.457,1080.9,473.4,0.0,0.0,0.6954,0.6954,367,528
wfh,3400,t35_s,1200,1,1554.3,0.457,1080.9,225.9,247.5,222.8,0.8547,0.8387,443,528
wfh,3400,t35_s,1200,2,1554.3,0.457,1080.9,77.4,396.0,356.4,0.9502,0.9247,489,528
wfh,3400,t35_s,1600,0,2072.4,0.610,1188.4,884.0,0.0,0.0,0.5735,0.5735,404,705
wfh,3400,t35_s,1600,1,2072.4,0.610,1188.4,584.3,299.7,269.8,0.7181,0.7036,496,705
wfh,3400,t35_s,1600,2,2072.4,0.610,1188.4,355.0,529.0,476.1,0.8287,0.8032,566,705
wfh,3400,t60_s,400,0,466.5,0.137,465.1,1.4,0.0,0.0,0.9970,0.9970,158,159
wfh,3400,t60_s,400,1,466.5,0.137,465.1,0.0,1.4,1.2,1.0000,0.9997,159,159
wfh,3400,t60_s,400,2,466.5,0.137,465.1,0.0,1.4,1.2,1.0000,0.9997,159,159
wfh,3400,t60_s,800,0,933.0,0.274,809.5,123.5,0.0,0.0,0.8677,0.8677,275,317
wfh,3400,t60_s,800,1,933.0,0.274,809.5,17.7,105.8,95.2,0.9810,0.9697,308,317
wfh,3400,t60_s,800,2,933.0,0.274,809.5,1.0,122.5,110.2,0.9990,0.9858,313,317
wfh,3400,t60_s,1200,0,1399.5,0.412,989.0,410.5,0.0,0.0,0.7067,0.7067,336,476
wfh,3400,t60_s,1200,1,1399.5,0.412,989.0,193.6,216.8,195.1,0.8616,0.8462,403,476
wfh,3400,t60_s,1200,2,1399.5,0.412,989.0,76.1,334.4,300.9,0.9456,0.9218,439,476
wfh,3400,t60_s,1600,0,1866.0,0.549,1097.1,768.9,0.0,0.0,0.5880,0.5880,373,634
wfh,3400,t60_s,1600,1,1866.0,0.549,1097.1,490.6,278.2,250.4,0.7371,0.7221,458,634
wfh,3400,t60_s,1600,2,1866.0,0.549,1097.1,292.9,475.9,428.3,0.8430,0.8175,519,634
wfh,3400,t90_sw,400,0,313.0,0.092,312.5,0.4,0.0,0.0,0.9987,0.9987,106,106
wfh,3400,t90_sw,400,1,313.0,0.092,312.5,0.0,0.4,0.4,1.0000,0.9999,106,106
wfh,3400,t90_sw,400,2,313.0,0.092,312.5,0.0,0.4,0.4,1.0000,0.9999,106,106
wfh,3400,t90_sw,800,0,625.9,0.184,583.0,42.9,0.0,0.0,0.9314,0.9314,198,213
wfh,3400,t90_sw,800,1,625.9,0.184,583.0,2.4,40.6,36.5,0.9962,0.9897,211,213
wfh,3400,t90_sw,800,2,625.9,0.184,583.0,0.0,42.9,38.7,1.0000,0.9931,211,213
wfh,3400,t90_sw,1200,0,938.9,0.276,765.7,173.2,0.0,0.0,0.8155,0.8155,260,319
wfh,3400,t90_sw,1200,1,938.9,0.276,765.7,44.7,128.5,115.6,0.9524,0.9387,300,319
wfh,3400,t90_sw,1200,2,938.9,0.276,765.7,8.0,165.2,148.7,0.9915,0.9739,311,319
wfh,3400,t90_sw,1600,0,1251.8,0.368,899.0,352.9,0.0,0.0,0.7181,0.7181,306,426
wfh,3400,t90_sw,1600,1,1251.8,0.368,899.0,165.9,187.0,168.3,0.8675,0.8526,363,426
wfh,3400,t90_sw,1600,2,1251.8,0.368,899.0,62.9,290.0,261.0,0.9498,0.9266,394,426
wfh,3400,t90_e,400,0,240.9,0.071,240.7,0.2,0.0,0.0,0.9990,0.9990,82,82
wfh,3400,t90_e,400,1,240.9,0.071,240.7,0.0,0.2,0.2,1.0000,0.9999,82,82
wfh,3400,t90_e,400,2,240.9,0.071,240.7,0.0,0.2,0.2,1.0000,0.9999,82,82
wfh,3400,t90_e,800,0,481.8,0.142,439.5,42.4,0.0,0.0,0.9120,0.9120,149,164
wfh,3400,t90_e,800,1,481.8,0.142,439.5,0.0,42.4,38.2,1.0000,0.9912,162,164
wfh,3400,t90_e,800,2,481.8,0.142,439.5,0.0,42.4,38.2,1.0000,0.9912,162,164
wfh,3400,t90_e,1200,0,722.8,0.213,566.2,156.6,0.0,0.0,0.7833,0.7833,192,246
wfh,3400,t90_e,1200,1,722.8,0.213,566.2,10.7,145.9,131.3,0.9852,0.9650,237,246
wfh,3400,t90_e,1200,2,722.8,0.213,566.2,0.1,156.6,140.9,0.9999,0.9783,240,246
wfh,3400,t90_e,1600,0,963.7,0.283,658.9,304.8,0.0,0.0,0.6837,0.6837,224,328
wfh,3400,t90_e,1600,1,963.7,0.283,658.9,88.2,216.6,195.0,0.9085,0.8860,290,328
wfh,3400,t90_e,1600,2,963.7,0.283,658.9,8.3,296.5,266.9,0.9914,0.9606,315,328
wfh,3400,t90_w,400,0,229.7,0.068,229.7,0.0,0.0,0.0,1.0000,1.0000,78,78
wfh,3400,t90_w,400,1,229.7,0.068,229.7,0.0,0.0,0.0,1.0000,1.0000,78,78
wfh,3400,t90_w,400,2,229.7,0.068,229.7,0.0,0.0,0.0,1.0000,1.0000,78,78
wfh,3400,t90_w,800,0,459.3,0.135,451.8,7.5,0.0,0.0,0.9836,0.9836,154,156
wfh,3400,t90_w,800,1,459.3,0.135,451.8,0.0,7.5,6.8,1.0000,0.9984,156,156
wfh,3400,t90_w,800,2,459.3,0.135,451.8,0.0,7.5,6.8,1.0000,0.9984,156,156
wfh,3400,t90_w,1200,0,689.0,0.203,628.2,60.8,0.0,0.0,0.9118,0.9118,214,234
wfh,3400,t90_w,1200,1,689.0,0.203,628.2,1.7,59.1,53.2,0.9975,0.9889,232,234
wfh,3400,t90_w,1200,2,689.0,0.203,628.2,0.0,60.8,54.7,1.0000,0.9912,232,234
wfh,3400,t90_w,1600,0,918.7,0.270,762.3,156.3,0.0,0.0,0.8298,0.8298,259,312
wfh,3400,t90_w,1600,1,918.7,0.270,762.3,23.6,132.7,119.4,0.9743,0.9598,300,312
wfh,3400,t90_w,1600,2,918.7,0.270,762.3,2.2,154.2,138.8,0.9977,0.9809,306,312
wfh,4200,t90_s,400,0,336.5,0.080,336.5,0.0,0.0,0.0,1.0000,1.0000,114,114
wfh,4200,t90_s,400,1,336.5,0.080,336.5,0.0,0.0,0.0,1.0000,1.0000,114,114
wfh,4200,t90_s,400,2,336.5,0.080,336.5,0.0,0.0,0.0,1.0000,1.0000,114,114
wfh,4200,t90_s,800,0,673.0,0.160,644.4,28.6,0.0,0.0,0.9574,0.9574,219,229
wfh,4200,t90_s,800,1,673.0,0.160,644.4,2.3,26.4,23.7,0.9966,0.9927,227,229
wfh,4200,t90_s,800,2,673.0,0.160,644.4,0.0,28.6,25.8,1.0000,0.9957,228,229
wfh,4200,t90_s,1200,0,1009.5,0.240,846.0,163.6,0.0,0.0,0.8380,0.8380,288,343
wfh,4200,t90_s,1200,1,1009.5,0.240,846.0,57.1,106.5,95.8,0.9435,0.9329,320,343
wfh,4200,t90_s,1200,2,1009.5,0.240,846.0,14.9,148.7,133.8,0.9852,0.9705,333,343
wfh,4200,t90_s,1600,0,1346.0,0.320,989.6,356.4,0.0,0.0,0.7352,0.7352,336,458
wfh,4200,t90_s,1600,1,1346.0,0.320,989.6,198.5,157.9,142.1,0.8525,0.8408,385,458
wfh,4200,t90_s,1600,2,1346.0,0.320,989.6,102.9,253.6,228.2,0.9236,0.9047,414,458
wfh,4200,t35_s,400,0,518.1,0.123,518.1,0.0,0.0,0.0,1.0000,1.0000,176,176
wfh,4200,t35_s,400,1,518.1,0.123,518.1,0.0,0.0,0.0,1.0000,1.0000,176,176
wfh,4200,t35_s,400,2,518.1,0.123,518.1,0.0,0.0,0.0,1.0000,1.0000,176,176
wfh,4200,t35_s,800,0,1036.2,0.247,966.2,70.0,0.0,0.0,0.9324,0.9324,329,352
wfh,4200,t35_s,800,1,1036.2,0.247,966.2,3.0,67.0,60.3,0.9971,0.9907,349,352
wfh,4200,t35_s,800,2,1036.2,0.247,966.2,0.0,70.0,63.0,1.0000,0.9932,350,352
wfh,4200,t35_s,1200,0,1554.3,0.370,1207.5,346.8,0.0,0.0,0.7769,0.7769,411,528
wfh,4200,t35_s,1200,1,1554.3,0.370,1207.5,136.2,210.6,189.6,0.9124,0.8988,475,528
wfh,4200,t35_s,1200,2,1554.3,0.370,1207.5,33.4,313.4,282.1,0.9785,0.9584,506,528
wfh,4200,t35_s,1600,0,2072.4,0.493,1352.9,719.5,0.0,0.0,0.6528,0.6528,460,705
wfh,4200,t35_s,1600,1,2072.4,0.493,1352.9,442.2,277.3,249.6,0.7866,0.7733,545,705
wfh,4200,t35_s,1600,2,2072.4,0.493,1352.9,241.9,477.6,429.9,0.8833,0.8602,606,705
wfh,4200,t60_s,400,0,466.5,0.111,466.5,0.0,0.0,0.0,1.0000,1.0000,159,159
wfh,4200,t60_s,400,1,466.5,0.111,466.5,0.0,0.0,0.0,1.0000,1.0000,159,159
wfh,4200,t60_s,400,2,466.5,0.111,466.5,0.0,0.0,0.0,1.0000,1.0000,159,159
wfh,4200,t60_s,800,0,933.0,0.222,868.0,65.0,0.0,0.0,0.9303,0.9303,295,317
wfh,4200,t60_s,800,1,933.0,0.222,868.0,4.6,60.4,54.4,0.9951,0.9886,314,317
wfh,4200,t60_s,800,2,933.0,0.222,868.0,0.0,65.0,58.5,1.0000,0.9930,315,317
wfh,4200,t60_s,1200,0,1399.5,0.333,1096.0,303.5,0.0,0.0,0.7832,0.7832,373,476
wfh,4200,t60_s,1200,1,1399.5,0.333,1096.0,124.7,178.8,160.9,0.9109,0.8981,427,476
wfh,4200,t60_s,1200,2,1399.5,0.333,1096.0,35.5,268.0,241.2,0.9747,0.9555,455,476
wfh,4200,t60_s,1600,0,1866.0,0.444,1240.7,625.3,0.0,0.0,0.6649,0.6649,422,634
wfh,4200,t60_s,1600,1,1866.0,0.444,1240.7,373.9,251.4,226.3,0.7996,0.7862,499,634
wfh,4200,t60_s,1600,2,1866.0,0.444,1240.7,210.2,415.1,373.6,0.8874,0.8651,549,634
wfh,4200,t90_sw,400,0,313.0,0.075,313.0,0.0,0.0,0.0,1.0000,1.0000,106,106
wfh,4200,t90_sw,400,1,313.0,0.075,313.0,0.0,0.0,0.0,1.0000,1.0000,106,106
wfh,4200,t90_sw,400,2,313.0,0.075,313.0,0.0,0.0,0.0,1.0000,1.0000,106,106
wfh,4200,t90_sw,800,0,625.9,0.149,606.3,19.6,0.0,0.0,0.9687,0.9687,206,213
wfh,4200,t90_sw,800,1,625.9,0.149,606.3,0.4,19.2,17.2,0.9993,0.9962,212,213
wfh,4200,t90_sw,800,2,625.9,0.149,606.3,0.0,19.6,17.6,1.0000,0.9969,212,213
wfh,4200,t90_sw,1200,0,938.9,0.224,818.9,119.9,0.0,0.0,0.8722,0.8722,278,319
wfh,4200,t90_sw,1200,1,938.9,0.224,818.9,21.6,98.3,88.5,0.9770,0.9665,309,319
wfh,4200,t90_sw,1200,2,938.9,0.224,818.9,3.7,116.2,104.6,0.9960,0.9836,314,319
wfh,4200,t90_sw,1600,0,1251.8,0.298,978.0,273.8,0.0,0.0,0.7813,0.7813,333,426
wfh,4200,t90_sw,1600,1,1251.8,0.298,978.0,113.5,160.2,144.2,0.9093,0.8965,382,426
wfh,4200,t90_sw,1600,2,1251.8,0.298,978.0,34.6,239.1,215.2,0.9723,0.9532,406,426
wfh,4200,t90_e,400,0,240.9,0.057,240.9,0.0,0.0,0.0,1.0000,1.0000,82,82
wfh,4200,t90_e,400,1,240.9,0.057,240.9,0.0,0.0,0.0,1.0000,1.0000,82,82
wfh,4200,t90_e,400,2,240.9,0.057,240.9,0.0,0.0,0.0,1.0000,1.0000,82,82
wfh,4200,t90_e,800,0,481.8,0.115,464.2,17.6,0.0,0.0,0.9634,0.9634,158,164
wfh,4200,t90_e,800,1,481.8,0.115,464.2,0.0,17.6,15.9,1.0000,0.9963,163,164
wfh,4200,t90_e,800,2,481.8,0.115,464.2,0.0,17.6,15.9,1.0000,0.9963,163,164
wfh,4200,t90_e,1200,0,722.8,0.172,619.3,103.5,0.0,0.0,0.8568,0.8568,211,246
wfh,4200,t90_e,1200,1,722.8,0.172,619.3,3.0,100.5,90.5,0.9959,0.9820,241,246
wfh,4200,t90_e,1200,2,722.8,0.172,619.3,0.0,103.5,93.1,1.0000,0.9857,242,246
wfh,4200,t90_e,1600,0,963.7,0.229,729.0,234.7,0.0,0.0,0.7564,0.7564,248,328
wfh,4200,t90_e,1600,1,963.7,0.229,729.0,47.9,186.9,168.2,0.9503,0.9310,305,328
wfh,4200,t90_e,1600,2,963.7,0.229,729.0,2.8,231.9,208.7,0.9971,0.9730,319,328
wfh,4200,t90_w,400,0,229.7,0.055,229.7,0.0,0.0,0.0,1.0000,1.0000,78,78
wfh,4200,t90_w,400,1,229.7,0.055,229.7,0.0,0.0,0.0,1.0000,1.0000,78,78
wfh,4200,t90_w,400,2,229.7,0.055,229.7,0.0,0.0,0.0,1.0000,1.0000,78,78
wfh,4200,t90_w,800,0,459.3,0.109,457.2,2.2,0.0,0.0,0.9953,0.9953,155,156
wfh,4200,t90_w,800,1,459.3,0.109,457.2,0.0,2.2,2.0,1.0000,0.9995,156,156
wfh,4200,t90_w,800,2,459.3,0.109,457.2,0.0,2.2,2.0,1.0000,0.9995,156,156
wfh,4200,t90_w,1200,0,689.0,0.164,656.9,32.1,0.0,0.0,0.9534,0.9534,223,234
wfh,4200,t90_w,1200,1,689.0,0.164,656.9,0.4,31.7,28.5,0.9994,0.9948,233,234
wfh,4200,t90_w,1200,2,689.0,0.164,656.9,0.0,32.1,28.9,1.0000,0.9953,233,234
wfh,4200,t90_w,1600,0,918.7,0.219,813.7,105.0,0.0,0.0,0.8857,0.8857,277,312
wfh,4200,t90_w,1600,1,918.7,0.219,813.7,10.3,94.6,85.2,0.9888,0.9784,306,312
wfh,4200,t90_w,1600,2,918.7,0.219,813.7,0.6,104.4,94.0,0.9994,0.9880,309,312
wfh,7000,t90_s,400,0,336.5,0.048,336.5,0.0,0.0,0.0,1.0000,1.0000,114,114
wfh,7000,t90_s,400,1,336.5,0.048,336.5,0.0,0.0,0.0,1.0000,1.0000,114,114
wfh,7000,t90_s,400,2,336.5,0.048,336.5,0.0,0.0,0.0,1.0000,1.0000,114,114
wfh,7000,t90_s,800,0,673.0,0.096,672.6,0.4,0.0,0.0,0.9994,0.9994,229,229
wfh,7000,t90_s,800,1,673.0,0.096,672.6,0.0,0.4,0.4,1.0000,0.9999,229,229
wfh,7000,t90_s,800,2,673.0,0.096,672.6,0.0,0.4,0.4,1.0000,0.9999,229,229
wfh,7000,t90_s,1200,0,1009.5,0.144,979.3,30.3,0.0,0.0,0.9700,0.9700,333,343
wfh,7000,t90_s,1200,1,1009.5,0.144,979.3,4.1,26.2,23.6,0.9960,0.9934,341,343
wfh,7000,t90_s,1200,2,1009.5,0.144,979.3,0.0,30.3,27.2,1.0000,0.9970,342,343
wfh,7000,t90_s,1600,0,1346.0,0.192,1206.0,140.0,0.0,0.0,0.8960,0.8960,410,458
wfh,7000,t90_s,1600,1,1346.0,0.192,1206.0,50.9,89.2,80.3,0.9622,0.9556,437,458
wfh,7000,t90_s,1600,2,1346.0,0.192,1206.0,16.1,123.9,111.5,0.9880,0.9788,448,458
wfh,7000,t35_s,400,0,518.1,0.074,518.1,0.0,0.0,0.0,1.0000,1.0000,176,176
wfh,7000,t35_s,400,1,518.1,0.074,518.1,0.0,0.0,0.0,1.0000,1.0000,176,176
wfh,7000,t35_s,400,2,518.1,0.074,518.1,0.0,0.0,0.0,1.0000,1.0000,176,176
wfh,7000,t35_s,800,0,1036.2,0.148,1035.2,1.0,0.0,0.0,0.9990,0.9990,352,352
wfh,7000,t35_s,800,1,1036.2,0.148,1035.2,0.0,1.0,0.9,1.0000,0.9999,352,352
wfh,7000,t35_s,800,2,1036.2,0.148,1035.2,0.0,1.0,0.9,1.0000,0.9999,352,352
wfh,7000,t35_s,1200,0,1554.3,0.222,1475.6,78.7,0.0,0.0,0.9494,0.9494,502,528
wfh,7000,t35_s,1200,1,1554.3,0.222,1475.6,7.0,71.6,64.5,0.9955,0.9909,524,528
wfh,7000,t35_s,1200,2,1554.3,0.222,1475.6,0.0,78.6,70.8,1.0000,0.9949,526,528
wfh,7000,t35_s,1600,0,2072.4,0.296,1759.2,313.2,0.0,0.0,0.8489,0.8489,598,705
wfh,7000,t35_s,1600,1,2072.4,0.296,1759.2,128.7,184.5,166.0,0.9379,0.9290,655,705
wfh,7000,t35_s,1600,2,2072.4,0.296,1759.2,36.3,276.9,249.2,0.9825,0.9691,683,705
wfh,7000,t60_s,400,0,466.5,0.067,466.5,0.0,0.0,0.0,1.0000,1.0000,159,159
wfh,7000,t60_s,400,1,466.5,0.067,466.5,0.0,0.0,0.0,1.0000,1.0000,159,159
wfh,7000,t60_s,400,2,466.5,0.067,466.5,0.0,0.0,0.0,1.0000,1.0000,159,159
wfh,7000,t60_s,800,0,933.0,0.133,932.0,0.9,0.0,0.0,0.9990,0.9990,317,317
wfh,7000,t60_s,800,1,933.0,0.133,932.0,0.0,0.9,0.8,1.0000,0.9999,317,317
wfh,7000,t60_s,800,2,933.0,0.133,932.0,0.0,0.9,0.8,1.0000,0.9999,317,317
wfh,7000,t60_s,1200,0,1399.5,0.200,1324.4,75.0,0.0,0.0,0.9464,0.9464,450,476
wfh,7000,t60_s,1200,1,1399.5,0.200,1324.4,8.2,66.8,60.1,0.9941,0.9894,471,476
wfh,7000,t60_s,1200,2,1399.5,0.200,1324.4,0.3,74.8,67.3,0.9998,0.9945,473,476
wfh,7000,t60_s,1600,0,1866.0,0.267,1586.7,279.3,0.0,0.0,0.8503,0.8503,539,634
wfh,7000,t60_s,1600,1,1866.0,0.267,1586.7,122.3,157.0,141.3,0.9345,0.9260,588,634
wfh,7000,t60_s,1600,2,1866.0,0.267,1586.7,39.2,240.0,216.0,0.9790,0.9661,613,634
wfh,7000,t90_sw,400,0,313.0,0.045,313.0,0.0,0.0,0.0,1.0000,1.0000,106,106
wfh,7000,t90_sw,400,1,313.0,0.045,313.0,0.0,0.0,0.0,1.0000,1.0000,106,106
wfh,7000,t90_sw,400,2,313.0,0.045,313.0,0.0,0.0,0.0,1.0000,1.0000,106,106
wfh,7000,t90_sw,800,0,625.9,0.089,625.5,0.4,0.0,0.0,0.9993,0.9993,213,213
wfh,7000,t90_sw,800,1,625.9,0.089,625.5,0.0,0.4,0.4,1.0000,0.9999,213,213
wfh,7000,t90_sw,800,2,625.9,0.089,625.5,0.0,0.4,0.4,1.0000,0.9999,213,213
wfh,7000,t90_sw,1200,0,938.9,0.134,918.8,20.0,0.0,0.0,0.9787,0.9787,312,319
wfh,7000,t90_sw,1200,1,938.9,0.134,918.8,1.2,18.8,16.9,0.9987,0.9967,318,319
wfh,7000,t90_sw,1200,2,938.9,0.134,918.8,0.0,20.0,18.0,1.0000,0.9979,319,319
wfh,7000,t90_sw,1600,0,1251.8,0.179,1152.1,99.7,0.0,0.0,0.9204,0.9204,392,426
wfh,7000,t90_sw,1600,1,1251.8,0.179,1152.1,18.5,81.2,73.1,0.9852,0.9787,417,426
wfh,7000,t90_sw,1600,2,1251.8,0.179,1152.1,4.2,95.4,85.9,0.9966,0.9890,421,426
wfh,7000,t90_e,400,0,240.9,0.034,240.9,0.0,0.0,0.0,1.0000,1.0000,82,82
wfh,7000,t90_e,400,1,240.9,0.034,240.9,0.0,0.0,0.0,1.0000,1.0000,82,82
wfh,7000,t90_e,400,2,240.9,0.034,240.9,0.0,0.0,0.0,1.0000,1.0000,82,82
wfh,7000,t90_e,800,0,481.8,0.069,481.6,0.2,0.0,0.0,0.9995,0.9995,164,164
wfh,7000,t90_e,800,1,481.8,0.069,481.6,0.0,0.2,0.2,1.0000,1.0000,164,164
wfh,7000,t90_e,800,2,481.8,0.069,481.6,0.0,0.2,0.2,1.0000,1.0000,164,164
wfh,7000,t90_e,1200,0,722.8,0.103,710.2,12.5,0.0,0.0,0.9827,0.9827,241,246
wfh,7000,t90_e,1200,1,722.8,0.103,710.2,0.0,12.5,11.3,1.0000,0.9983,245,246
wfh,7000,t90_e,1200,2,722.8,0.103,710.2,0.0,12.5,11.3,1.0000,0.9983,245,246
wfh,7000,t90_e,1600,0,963.7,0.138,893.7,70.0,0.0,0.0,0.9274,0.9274,304,328
wfh,7000,t90_e,1600,1,963.7,0.138,893.7,2.4,67.6,60.8,0.9975,0.9905,325,328
wfh,7000,t90_e,1600,2,963.7,0.138,893.7,0.0,70.0,63.0,1.0000,0.9927,325,328
wfh,7000,t90_w,400,0,229.7,0.033,229.7,0.0,0.0,0.0,1.0000,1.0000,78,78
wfh,7000,t90_w,400,1,229.7,0.033,229.7,0.0,0.0,0.0,1.0000,1.0000,78,78
wfh,7000,t90_w,400,2,229.7,0.033,229.7,0.0,0.0,0.0,1.0000,1.0000,78,78
wfh,7000,t90_w,800,0,459.3,0.066,459.3,0.0,0.0,0.0,1.0000,1.0000,156,156
wfh,7000,t90_w,800,1,459.3,0.066,459.3,0.0,0.0,0.0,1.0000,1.0000,156,156
wfh,7000,t90_w,800,2,459.3,0.066,459.3,0.0,0.0,0.0,1.0000,1.0000,156,156
wfh,7000,t90_w,1200,0,689.0,0.098,687.5,1.5,0.0,0.0,0.9979,0.9979,234,234
wfh,7000,t90_w,1200,1,689.0,0.098,687.5,0.0,1.5,1.3,1.0000,0.9998,234,234
wfh,7000,t90_w,1200,2,689.0,0.098,687.5,0.0,1.5,1.3,1.0000,0.9998,234,234
wfh,7000,t90_w,1600,0,918.7,0.131,901.2,17.5,0.0,0.0,0.9810,0.9810,306,312
wfh,7000,t90_w,1600,1,918.7,0.131,901.2,0.2,17.3,15.6,0.9998,0.9979,312,312
wfh,7000,t90_w,1600,2,918.7,0.131,901.2,0.0,17.5,15.7,1.0000,0.9981,312,312
away,2400,t90_s,400,0,336.5,0.140,289.0,47.5,0.0,0.0,0.8589,0.8589,98,114
away,2400,t90_s,400,1,336.5,0.140,289.0,0.7,46.7,42.0,0.9978,0.9839,113,114
away,2400,t90_s,400,2,336.5,0.140,289.0,0.0,47.5,42.7,1.0000,0.9859,113,114
away,2400,t90_s,800,0,673.0,0.280,420.8,252.2,0.0,0.0,0.6253,0.6253,143,229
away,2400,t90_s,800,1,673.0,0.280,420.8,82.4,169.8,152.8,0.8775,0.8523,195,229
away,2400,t90_s,800,2,673.0,0.280,420.8,16.9,235.2,211.7,0.9748,0.9399,215,229
away,2400,t90_s,1200,0,1009.5,0.421,491.8,517.7,0.0,0.0,0.4871,0.4871,167,343
away,2400,t90_s,1200,1,1009.5,0.421,491.8,272.4,245.4,220.8,0.7302,0.7059,242,343
away,2400,t90_s,1200,2,1009.5,0.421,491.8,138.4,379.3,341.4,0.8629,0.8253,283,343
away,2400,t90_s,1600,0,1346.0,0.561,540.9,805.2,0.0,0.0,0.4018,0.4018,184,458
away,2400,t90_s,1600,1,1346.0,0.561,540.9,513.5,291.7,262.5,0.6185,0.5968,273,458
away,2400,t90_s,1600,2,1346.0,0.561,540.9,329.0,476.2,428.6,0.7556,0.7202,330,458
away,2400,t35_s,400,0,518.1,0.216,405.1,113.0,0.0,0.0,0.7819,0.7819,138,176
away,2400,t35_s,400,1,518.1,0.216,405.1,0.6,112.4,101.1,0.9988,0.9771,172,176
away,2400,t35_s,400,2,518.1,0.216,405.1,0.0,113.0,101.7,1.0000,0.9782,172,176
away,2400,t35_s,800,0,1036.2,0.432,547.3,488.9,0.0,0.0,0.5282,0.5282,186,352
away,2400,t35_s,800,1,1036.2,0.432,547.3,215.3,273.7,246.3,0.7923,0.7658,270,352
away,2400,t35_s,800,2,1036.2,0.432,547.3,48.0,440.9,396.8,0.9537,0.9111,321,352
away,2400,t35_s,1200,0,1554.3,0.648,617.3,937.0,0.0,0.0,0.3972,0.3972,210,528
away,2400,t35_s,1200,1,1554.3,0.648,617.3,620.0,317.0,285.3,0.6011,0.5807,307,528
away,2400,t35_s,1200,2,1554.3,0.648,617.3,361.6,575.4,517.9,0.7674,0.7304,386,528
away,2400,t35_s,1600,0,2072.4,0.864,660.1,1412.3,0.0,0.0,0.3185,0.3185,224,705
away,2400,t35_s,1600,1,2072.4,0.864,660.1,1075.8,336.5,302.9,0.4809,0.4647,327,705
away,2400,t35_s,1600,2,2072.4,0.864,660.1,785.0,627.3,564.6,0.6212,0.5909,416,705
away,2400,t60_s,400,0,466.5,0.194,370.5,96.0,0.0,0.0,0.7941,0.7941,126,159
away,2400,t60_s,400,1,466.5,0.194,370.5,1.2,94.8,85.3,0.9974,0.9771,155,159
away,2400,t60_s,400,2,466.5,0.194,370.5,0.0,96.0,86.4,1.0000,0.9794,155,159
away,2400,t60_s,800,0,933.0,0.389,503.3,429.7,0.0,0.0,0.5394,0.5394,171,317
away,2400,t60_s,800,1,933.0,0.389,503.3,173.2,256.6,230.9,0.8144,0.7869,250,317
away,2400,t60_s,800,2,933.0,0.389,503.3,41.6,388.1,349.3,0.9554,0.9138,290,317
away,2400,t60_s,1200,0,1399.5,0.583,572.1,827.4,0.0,0.0,0.4088,0.4088,195,476
away,2400,t60_s,1200,1,1399.5,0.583,572.1,521.8,305.5,275.0,0.6271,0.6053,288,476
away,2400,t60_s,1200,2,1399.5,0.583,572.1,287.1,540.2,486.2,0.7948,0.7562,360,476
away,2400,t60_s,1600,0,1866.0,0.777,614.1,1251.8,0.0,0.0,0.3291,0.3291,209,634
away,2400,t60_s,1600,1,1866.0,0.777,614.1,923.0,328.8,295.9,0.5053,0.4877,309,634
away,2400,t60_s,1600,2,1866.0,0.777,614.1,646.5,605.3,544.8,0.6535,0.6211,394,634
away,2400,t90_sw,400,0,313.0,0.130,270.9,42.1,0.0,0.0,0.8656,0.8656,92,106
away,2400,t90_sw,400,1,313.0,0.130,270.9,0.0,42.1,37.9,1.0000,0.9865,105,106
away,2400,t90_sw,400,2,313.0,0.130,270.9,0.0,42.1,37.9,1.0000,0.9866,105,106
away,2400,t90_sw,800,0,625.9,0.261,391.9,234.0,0.0,0.0,0.6261,0.6261,133,213
away,2400,t90_sw,800,1,625.9,0.261,391.9,46.8,187.2,168.5,0.9252,0.8953,191,213
away,2400,t90_sw,800,2,625.9,0.261,391.9,3.4,230.6,207.5,0.9945,0.9577,204,213
away,2400,t90_sw,1200,0,938.9,0.391,471.3,467.5,0.0,0.0,0.5020,0.5020,160,319
away,2400,t90_sw,1200,1,938.9,0.391,471.3,209.9,257.6,231.8,0.7764,0.7489,239,319
away,2400,t90_sw,1200,2,938.9,0.391,471.3,67.1,400.4,360.4,0.9285,0.8859,283,319
away,2400,t90_sw,1600,0,1251.8,0.522,528.9,722.9,0.0,0.0,0.4225,0.4225,180,426
away,2400,t90_sw,1600,1,1251.8,0.522,528.9,429.0,294.0,264.6,0.6573,0.6338,270,426
away,2400,t90_sw,1600,2,1251.8,0.522,528.9,221.5,501.5,451.3,0.8231,0.7830,333,426
away,2400,t90_e,400,0,240.9,0.100,233.9,7.1,0.0,0.0,0.9707,0.9707,80,82
away,2400,t90_e,400,1,240.9,0.100,233.9,0.0,7.1,6.4,1.0000,0.9971,82,82
away,2400,t90_e,400,2,240.9,0.100,233.9,0.0,7.1,6.4,1.0000,0.9971,82,82
away,2400,t90_e,800,0,481.8,0.201,374.4,107.4,0.0,0.0,0.7770,0.7770,127,164
away,2400,t90_e,800,1,481.8,0.201,374.4,0.7,106.8,96.1,0.9986,0.9765,160,164
away,2400,t90_e,800,2,481.8,0.201,374.4,0.0,107.4,96.7,1.0000,0.9777,160,164
away,2400,t90_e,1200,0,722.8,0.301,453.7,269.1,0.0,0.0,0.6277,0.6277,154,246
away,2400,t90_e,1200,1,722.8,0.301,453.7,51.3,217.7,196.0,0.9290,0.8988,221,246
away,2400,t90_e,1200,2,722.8,0.301,453.7,1.5,267.6,240.8,0.9980,0.9609,236,246
away,2400,t90_e,1600,0,963.7,0.402,512.1,451.6,0.0,0.0,0.5313,0.5313,174,328
away,2400,t90_e,1600,1,963.7,0.402,512.1,190.1,261.5,235.4,0.8027,0.7756,254,328
away,2400,t90_e,1600,2,963.7,0.402,512.1,37.7,413.9,372.5,0.9609,0.9179,301,328
away,2400,t90_w,400,0,229.7,0.096,211.4,18.3,0.0,0.0,0.9204,0.9204,72,78
away,2400,t90_w,400,1,229.7,0.096,211.4,0.0,18.3,16.5,1.0000,0.9920,77,78
away,2400,t90_w,400,2,229.7,0.096,211.4,0.0,18.3,16.5,1.0000,0.9920,77,78
away,2400,t90_w,800,0,459.3,0.191,340.0,119.4,0.0,0.0,0.7401,0.7401,116,156
away,2400,t90_w,800,1,459.3,0.191,340.0,1.2,118.1,106.3,0.9973,0.9716,152,156
away,2400,t90_w,800,2,459.3,0.191,340.0,0.0,119.4,107.4,1.0000,0.9740,152,156
away,2400,t90_w,1200,0,689.0,0.287,431.8,257.2,0.0,0.0,0.6267,0.6267,147,234
away,2400,t90_w,1200,1,689.0,0.287,431.8,49.9,207.3,186.6,0.9276,0.8976,210,234
away,2400,t90_w,1200,2,689.0,0.287,431.8,1.2,256.0,230.4,0.9983,0.9611,225,234
away,2400,t90_w,1600,0,918.7,0.383,499.6,419.1,0.0,0.0,0.5438,0.5438,170,312
away,2400,t90_w,1600,1,918.7,0.383,499.6,159.8,259.2,233.3,0.8260,0.7978,249,312
away,2400,t90_w,1600,2,918.7,0.383,499.6,30.5,388.6,349.7,0.9668,0.9245,289,312
away,3400,t90_s,400,0,336.5,0.099,293.6,42.9,0.0,0.0,0.8726,0.8726,100,114
away,3400,t90_s,400,1,336.5,0.099,293.6,0.6,42.3,38.1,0.9983,0.9857,113,114
away,3400,t90_s,400,2,336.5,0.099,293.6,0.0,42.9,38.6,1.0000,0.9873,113,114
away,3400,t90_s,800,0,673.0,0.198,453.5,219.5,0.0,0.0,0.6738,0.6738,154,229
away,3400,t90_s,800,1,673.0,0.198,453.5,68.8,150.7,135.6,0.8977,0.8754,200,229
away,3400,t90_s,800,2,673.0,0.198,453.5,13.5,206.0,185.4,0.9799,0.9493,217,229
away,3400,t90_s,1200,0,1009.5,0.297,547.1,462.4,0.0,0.0,0.5419,0.5419,186,343
away,3400,t90_s,1200,1,1009.5,0.297,547.1,232.4,230.0,207.0,0.7698,0.7470,256,343
away,3400,t90_s,1200,2,1009.5,0.297,547.1,111.1,351.3,316.2,0.8899,0.8551,294,343
away,3400,t90_s,1600,0,1346.0,0.396,613.0,733.1,0.0,0.0,0.4554,0.4554,208,458
away,3400,t90_s,1600,1,1346.0,0.396,613.0,456.8,276.3,248.7,0.6606,0.6401,293,458
away,3400,t90_s,1600,2,1346.0,0.396,613.0,282.8,450.3,405.3,0.7899,0.7565,346,458
away,3400,t35_s,400,0,518.1,0.152,414.8,103.3,0.0,0.0,0.8006,0.8006,141,176
away,3400,t35_s,400,1,518.1,0.152,414.8,0.4,102.9,92.6,0.9992,0.9793,173,176
away,3400,t35_s,400,2,518.1,0.152,414.8,0.0,103.3,93.0,1.0000,0.9801,173,176
away,3400,t35_s,800,0,1036.2,0.305,608.6,427.6,0.0,0.0,0.5873,0.5873,207,352
away,3400,t35_s,800,1,1036.2,0.305,608.6,180.0,247.6,222.9,0.8263,0.8024,283,352
away,3400,t35_s,800,2,1036.2,0.305,608.6,37.4,390.2,351.2,0.9639,0.9263,326,352
away,3400,t35_s,1200,0,1554.3,0.457,714.6,839.7,0.0,0.0,0.4598,0.4598,243,528
away,3400,t35_s,1200,1,1554.3,0.457,714.6,536.9,302.8,272.5,0.6546,0.6351,336,528
away,3400,t35_s,1200,2,1554.3,0.457,714.6,300.3,539.4,485.4,0.8068,0.7721,408,528
away,3400,t35_s,1600,0,2072.4,0.610,782.9,1289.5,0.0,0.0,0.3778,0.3778,266,705
away,3400,t35_s,1600,1,2072.4,0.610,782.9,962.6,326.9,294.2,0.5355,0.5198,366,705
away,3400,t35_s,1600,2,2072.4,0.610,782.9,681.8,607.7,547.0,0.6710,0.6417,452,705
away,3400,t60_s,400,0,466.5,0.137,379.8,86.7,0.0,0.0,0.8141,0.8141,129,159
away,3400,t60_s,400,1,466.5,0.137,379.8,1.0,85.8,77.2,0.9979,0.9796,155,159
away,3400,t60_s,400,2,466.5,0.137,379.8,0.0,86.7,78.0,1.0000,0.9814,156,159
away,3400,t60_s,800,0,933.0,0.274,555.1,377.9,0.0,0.0,0.5949,0.5949,189,317
away,3400,t60_s,800,1,933.0,0.274,555.1,143.7,234.2,210.8,0.8460,0.8209,260,317
away,3400,t60_s,800,2,933.0,0.274,555.1,33.1,344.8,310.3,0.9645,0.9275,294,317
away,3400,t60_s,1200,0,1399.5,0.412,655.6,743.8,0.0,0.0,0.4685,0.4685,223,476
away,3400,t60_s,1200,1,1399.5,0.412,655.6,456.4,287.5,258.7,0.6739,0.6534,311,476
away,3400,t60_s,1200,2,1399.5,0.412,655.6,237.4,506.4,455.8,0.8303,0.7941,378,476
away,3400,t60_s,1600,0,1866.0,0.549,721.0,1144.9,0.0,0.0,0.3864,0.3864,245,634
away,3400,t60_s,1600,1,1866.0,0.549,721.0,827.5,317.4,285.7,0.5565,0.5395,342,634
away,3400,t60_s,1600,2,1866.0,0.549,721.0,567.3,577.7,519.9,0.6960,0.6650,422,634
away,3400,t90_sw,400,0,313.0,0.092,275.2,37.8,0.0,0.0,0.8793,0.8793,94,106
away,3400,t90_sw,400,1,313.0,0.092,275.2,0.0,37.8,34.0,1.0000,0.9879,105,106
away,3400,t90_sw,400,2,313.0,0.092,275.2,0.0,37.8,34.0,1.0000,0.9879,105,106
away,3400,t90_sw,800,0,625.9,0.184,417.1,208.8,0.0,0.0,0.6664,0.6664,142,213
away,3400,t90_sw,800,1,625.9,0.184,417.1,41.2,167.6,150.8,0.9341,0.9074,193,213
away,3400,t90_sw,800,2,625.9,0.184,417.1,3.2,205.6,185.1,0.9949,0.9621,205,213
away,3400,t90_sw,1200,0,938.9,0.276,511.7,427.2,0.0,0.0,0.5450,0.5450,174,319
away,3400,t90_sw,1200,1,938.9,0.276,511.7,184.1,243.0,218.7,0.8039,0.7780,248,319
away,3400,t90_sw,1200,2,938.9,0.276,511.7,59.0,368.2,331.4,0.9372,0.8980,287,319
away,3400,t90_sw,1600,0,1251.8,0.368,584.2,667.6,0.0,0.0,0.4667,0.4667,199,426
away,3400,t90_sw,1600,1,1251.8,0.368,584.2,390.7,276.9,249.2,0.6879,0.6658,283,426
away,3400,t90_sw,1600,2,1251.8,0.368,584.2,193.2,474.4,427.0,0.8457,0.8078,344,426
away,3400,t90_e,400,0,240.9,0.071,235.3,5.6,0.0,0.0,0.9769,0.9769,80,82
away,3400,t90_e,400,1,240.9,0.071,235.3,0.0,5.6,5.0,1.0000,0.9977,82,82
away,3400,t90_e,400,2,240.9,0.071,235.3,0.0,5.6,5.0,1.0000,0.9977,82,82
away,3400,t90_e,800,0,481.8,0.142,418.3,63.6,0.0,0.0,0.8681,0.8681,142,164
away,3400,t90_e,800,1,481.8,0.142,418.3,0.3,63.2,56.9,0.9993,0.9862,162,164
away,3400,t90_e,800,2,481.8,0.142,418.3,0.0,63.6,57.2,1.0000,0.9868,162,164
away,3400,t90_e,1200,0,722.8,0.213,530.3,192.5,0.0,0.0,0.7337,0.7337,180,246
away,3400,t90_e,1200,1,722.8,0.213,530.3,18.1,174.3,156.9,0.9749,0.9508,234,246
away,3400,t90_e,1200,2,722.8,0.213,530.3,0.8,191.6,172.4,0.9988,0.9723,239,246
away,3400,t90_e,1600,0,963.7,0.283,605.0,358.7,0.0,0.0,0.6278,0.6278,206,328
away,3400,t90_e,1600,1,963.7,0.283,605.0,117.9,240.8,216.7,0.8777,0.8527,279,328
away,3400,t90_e,1600,2,963.7,0.283,605.0,13.8,344.9,310.4,0.9857,0.9499,311,328
away,3400,t90_w,400,0,229.7,0.068,213.2,16.4,0.0,0.0,0.9284,0.9284,72,78
away,3400,t90_w,400,1,229.7,0.068,213.2,0.0,16.4,14.8,1.0000,0.9928,78,78
away,3400,t90_w,400,2,229.7,0.068,213.2,0.0,16.4,14.8,1.0000,0.9928,78,78
away,3400,t90_w,800,0,459.3,0.135,351.2,108.1,0.0,0.0,0.7646,0.7646,119,156
away,3400,t90_w,800,1,459.3,0.135,351.2,1.0,107.1,96.4,0.9979,0.9745,152,156
away,3400,t90_w,800,2,459.3,0.135,351.2,0.0,108.1,97.3,1.0000,0.9765,152,156
away,3400,t90_w,1200,0,689.0,0.203,459.5,229.5,0.0,0.0,0.6669,0.6669,156,234
away,3400,t90_w,1200,1,689.0,0.203,459.5,43.2,186.4,167.7,0.9374,0.9103,213,234
away,3400,t90_w,1200,2,689.0,0.203,459.5,1.0,228.5,205.6,0.9985,0.9654,226,234
away,3400,t90_w,1600,0,918.7,0.270,544.0,374.6,0.0,0.0,0.5922,0.5922,185,312
away,3400,t90_w,1600,1,918.7,0.270,544.0,138.2,236.4,212.8,0.8496,0.8238,257,312
away,3400,t90_w,1600,2,918.7,0.270,544.0,22.0,352.7,317.4,0.9761,0.9377,293,312
away,4200,t90_s,400,0,336.5,0.080,295.0,41.5,0.0,0.0,0.8766,0.8766,100,114
away,4200,t90_s,400,1,336.5,0.080,295.0,0.5,41.0,36.9,0.9985,0.9863,113,114
away,4200,t90_s,400,2,336.5,0.080,295.0,0.0,41.5,37.4,1.0000,0.9877,113,114
away,4200,t90_s,800,0,673.0,0.160,467.1,206.0,0.0,0.0,0.6940,0.6940,159,229
away,4200,t90_s,800,1,673.0,0.160,467.1,65.8,140.1,126.1,0.9022,0.8814,202,229
away,4200,t90_s,800,2,673.0,0.160,467.1,13.0,193.0,173.7,0.9807,0.9520,218,229
away,4200,t90_s,1200,0,1009.5,0.240,576.3,433.3,0.0,0.0,0.5708,0.5708,196,343
away,4200,t90_s,1200,1,1009.5,0.240,576.3,213.2,220.1,198.1,0.7888,0.7670,263,343
away,4200,t90_s,1200,2,1009.5,0.240,576.3,101.7,331.6,298.4,0.8993,0.8664,297,343
away,4200,t90_s,1600,0,1346.0,0.320,654.9,691.1,0.0,0.0,0.4865,0.4865,223,458
away,4200,t90_s,1600,1,1346.0,0.320,654.9,423.6,267.5,240.8,0.6853,0.6654,305,458
away,4200,t90_s,1600,2,1346.0,0.320,654.9,256.7,434.4,391.0,0.8093,0.7770,356,458
away,4200,t35_s,400,0,518.1,0.123,417.5,100.6,0.0,0.0,0.8058,0.8058,142,176
away,4200,t35_s,400,1,518.1,0.123,417.5,0.4,100.3,90.2,0.9993,0.9800,173,176
away,4200,t35_s,400,2,518.1,0.123,417.5,0.0,100.6,90.5,1.0000,0.9806,173,176
away,4200,t35_s,800,0,1036.2,0.247,634.2,402.0,0.0,0.0,0.6120,0.6120,216,352
away,4200,t35_s,800,1,1036.2,0.247,634.2,174.1,227.9,205.1,0.8320,0.8100,285,352
away,4200,t35_s,800,2,1036.2,0.247,634.2,34.9,367.1,330.4,0.9664,0.9309,328,352
away,4200,t35_s,1200,0,1554.3,0.370,768.7,785.6,0.0,0.0,0.4946,0.4946,261,528
away,4200,t35_s,1200,1,1554.3,0.370,768.7,496.1,289.5,260.5,0.6808,0.6622,350,528
away,4200,t35_s,1200,2,1554.3,0.370,768.7,273.5,512.1,460.9,0.8241,0.7911,418,528
away,4200,t35_s,1600,0,2072.4,0.493,857.8,1214.6,0.0,0.0,0.4139,0.4139,292,705
away,4200,t35_s,1600,1,2072.4,0.493,857.8,894.9,319.7,287.7,0.5682,0.5528,389,705
away,4200,t35_s,1600,2,2072.4,0.493,857.8,626.7,587.9,529.1,0.6976,0.6692,472,705
away,4200,t60_s,400,0,466.5,0.111,382.3,84.2,0.0,0.0,0.8194,0.8194,130,159
away,4200,t60_s,400,1,466.5,0.111,382.3,0.9,83.4,75.0,0.9982,0.9803,155,159
away,4200,t60_s,400,2,466.5,0.111,382.3,0.0,84.2,75.8,1.0000,0.9819,156,159
away,4200,t60_s,800,0,933.0,0.222,577.3,355.6,0.0,0.0,0.6188,0.6188,196,317
away,4200,t60_s,800,1,933.0,0.222,577.3,137.6,218.1,196.3,0.8526,0.8292,263,317
away,4200,t60_s,800,2,933.0,0.222,577.3,31.8,323.8,291.4,0.9659,0.9312,295,317
away,4200,t60_s,1200,0,1399.5,0.333,701.2,698.2,0.0,0.0,0.5011,0.5011,238,476
away,4200,t60_s,1200,1,1399.5,0.333,701.2,422.1,276.1,248.5,0.6984,0.6786,323,476
away,4200,t60_s,1200,2,1399.5,0.333,701.2,215.4,482.8,434.5,0.8461,0.8116,386,476
away,4200,t60_s,1600,0,1866.0,0.444,784.9,1081.1,0.0,0.0,0.4206,0.4206,267,634
away,4200,t60_s,1600,1,1866.0,0.444,784.9,774.1,307.0,276.3,0.5851,0.5687,361,634
away,4200,t60_s,1600,2,1866.0,0.444,784.9,523.8,557.2,501.5,0.7193,0.6894,437,634
away,4200,t90_sw,400,0,313.0,0.075,276.7,36.3,0.0,0.0,0.8841,0.8841,94,106
away,4200,t90_sw,400,1,313.0,0.075,276.7,0.0,36.3,32.6,1.0000,0.9884,105,106
away,4200,t90_sw,400,2,313.0,0.075,276.7,0.0,36.3,32.6,1.0000,0.9884,105,106
away,4200,t90_sw,800,0,625.9,0.149,427.6,198.3,0.0,0.0,0.6832,0.6832,145,213
away,4200,t90_sw,800,1,625.9,0.149,427.6,39.9,158.4,142.6,0.9363,0.9110,194,213
away,4200,t90_sw,800,2,625.9,0.149,427.6,3.1,195.2,175.7,0.9951,0.9639,205,213
away,4200,t90_sw,1200,0,938.9,0.224,533.5,405.3,0.0,0.0,0.5683,0.5683,181,319
away,4200,t90_sw,1200,1,938.9,0.224,533.5,174.0,231.3,208.2,0.8147,0.7900,252,319
away,4200,t90_sw,1200,2,938.9,0.224,533.5,55.4,350.0,315.0,0.9410,0.9037,288,319
away,4200,t90_sw,1600,0,1251.8,0.298,614.1,637.7,0.0,0.0,0.4906,0.4906,209,426
away,4200,t90_sw,1600,1,1251.8,0.298,614.1,369.5,268.2,241.3,0.7048,0.6834,291,426
away,4200,t90_sw,1600,2,1251.8,0.298,614.1,181.3,456.4,410.7,0.8552,0.8187,348,426
away,4200,t90_e,400,0,240.9,0.057,235.7,5.2,0.0,0.0,0.9785,0.9785,80,82
away,4200,t90_e,400,1,240.9,0.057,235.7,0.0,5.2,4.7,1.0000,0.9978,82,82
away,4200,t90_e,400,2,240.9,0.057,235.7,0.0,5.2,4.7,1.0000,0.9978,82,82
away,4200,t90_e,800,0,481.8,0.115,430.9,51.0,0.0,0.0,0.8943,0.8943,147,164
away,4200,t90_e,800,1,481.8,0.115,430.9,0.2,50.8,45.7,0.9996,0.9891,162,164
away,4200,t90_e,800,2,481.8,0.115,430.9,0.0,51.0,45.9,1.0000,0.9894,162,164
away,4200,t90_e,1200,0,722.8,0.172,573.0,149.7,0.0,0.0,0.7928,0.7928,195,246
away,4200,t90_e,1200,1,722.8,0.172,573.0,7.5,142.2,128.0,0.9896,0.9699,238,246
away,4200,t90_e,1200,2,722.8,0.172,573.0,0.6,149.1,134.2,0.9991,0.9785,240,246
away,4200,t90_e,1600,0,963.7,0.229,666.0,297.7,0.0,0.0,0.6911,0.6911,226,328
away,4200,t90_e,1600,1,963.7,0.229,666.0,76.2,221.5,199.4,0.9210,0.8980,294,328
away,4200,t90_e,1600,2,963.7,0.229,666.0,6.2,291.5,262.4,0.9936,0.9634,316,328
away,4200,t90_w,400,0,229.7,0.055,214.1,15.6,0.0,0.0,0.9320,0.9320,73,78
away,4200,t90_w,400,1,229.7,0.055,214.1,0.0,15.6,14.0,1.0000,0.9932,78,78
away,4200,t90_w,400,2,229.7,0.055,214.1,0.0,15.6,14.0,1.0000,0.9932,78,78
away,4200,t90_w,800,0,459.3,0.109,354.0,105.4,0.0,0.0,0.7706,0.7706,120,156
away,4200,t90_w,800,1,459.3,0.109,354.0,0.9,104.4,94.0,0.9980,0.9752,152,156
away,4200,t90_w,800,2,459.3,0.109,354.0,0.0,105.4,94.8,1.0000,0.9771,153,156
away,4200,t90_w,1200,0,689.0,0.164,470.2,218.8,0.0,0.0,0.6824,0.6824,160,234
away,4200,t90_w,1200,1,689.0,0.164,470.2,41.3,177.5,159.8,0.9401,0.9143,214,234
away,4200,t90_w,1200,2,689.0,0.164,470.2,1.0,217.8,196.0,0.9985,0.9669,227,234
away,4200,t90_w,1600,0,918.7,0.219,564.8,353.9,0.0,0.0,0.6148,0.6148,192,312
away,4200,t90_w,1600,1,918.7,0.219,564.8,131.3,222.6,200.3,0.8570,0.8328,260,312
away,4200,t90_w,1600,2,918.7,0.219,564.8,19.6,334.3,300.9,0.9787,0.9423,294,312
away,7000,t90_s,400,0,336.5,0.048,297.4,39.2,0.0,0.0,0.8836,0.8836,101,114
away,7000,t90_s,400,1,336.5,0.048,297.4,0.4,38.8,34.9,0.9989,0.9873,113,114
away,7000,t90_s,400,2,336.5,0.048,297.4,0.0,39.2,35.2,1.0000,0.9884,113,114
away,7000,t90_s,800,0,673.0,0.096,477.8,195.2,0.0,0.0,0.7100,0.7100,162,229
away,7000,t90_s,800,1,673.0,0.096,477.8,63.6,131.6,118.4,0.9055,0.8860,203,229
away,7000,t90_s,800,2,673.0,0.096,477.8,12.1,183.1,164.8,0.9821,0.9549,219,229
away,7000,t90_s,1200,0,1009.5,0.144,621.0,388.6,0.0,0.0,0.6151,0.6151,211,343
away,7000,t90_s,1200,1,1009.5,0.144,621.0,194.8,193.7,174.4,0.8070,0.7878,270,343
away,7000,t90_s,1200,2,1009.5,0.144,621.0,95.5,293.1,263.8,0.9054,0.8764,301,343
away,7000,t90_s,1600,0,1346.0,0.192,736.2,609.8,0.0,0.0,0.5469,0.5469,250,458
away,7000,t90_s,1600,1,1346.0,0.192,736.2,366.8,243.1,218.8,0.7275,0.7095,325,458
away,7000,t90_s,1600,2,1346.0,0.192,736.2,222.1,387.7,349.0,0.8350,0.8062,369,458
away,7000,t35_s,400,0,518.1,0.074,422.2,95.9,0.0,0.0,0.8150,0.8150,144,176
away,7000,t35_s,400,1,518.1,0.074,422.2,0.2,95.6,86.1,0.9996,0.9811,173,176
away,7000,t35_s,400,2,518.1,0.074,422.2,0.0,95.9,86.3,1.0000,0.9815,173,176
away,7000,t35_s,800,0,1036.2,0.148,654.2,382.0,0.0,0.0,0.6314,0.6314,222,352
away,7000,t35_s,800,1,1036.2,0.148,654.2,168.6,213.4,192.0,0.8373,0.8167,288,352
away,7000,t35_s,800,2,1036.2,0.148,654.2,32.0,350.0,315.0,0.9691,0.9353,330,352
away,7000,t35_s,1200,0,1554.3,0.222,856.7,697.6,0.0,0.0,0.5512,0.5512,291,528
away,7000,t35_s,1200,1,1554.3,0.222,856.7,453.4,244.3,219.8,0.7083,0.6926,366,528
away,7000,t35_s,1200,2,1554.3,0.222,856.7,257.3,440.3,396.3,0.8345,0.8061,426,528
away,7000,t35_s,1600,0,2072.4,0.296,1014.2,1058.2,0.0,0.0,0.4894,0.4894,345,705
away,7000,t35_s,1600,1,2072.4,0.296,1014.2,773.7,284.5,256.0,0.6267,0.6129,432,705
away,7000,t35_s,1600,2,2072.4,0.296,1014.2,541.9,516.3,464.6,0.7385,0.7136,503,705
away,7000,t60_s,400,0,466.5,0.067,386.6,79.9,0.0,0.0,0.8287,0.8287,131,159
away,7000,t60_s,400,1,466.5,0.067,386.6,0.7,79.2,71.3,0.9985,0.9815,156,159
away,7000,t60_s,400,2,466.5,0.067,386.6,0.0,79.9,71.9,1.0000,0.9829,156,159
away,7000,t60_s,800,0,933.0,0.133,596.7,336.3,0.0,0.0,0.6395,0.6395,203,317
away,7000,t60_s,800,1,933.0,0.133,596.7,132.8,203.5,183.1,0.8576,0.8358,265,317
away,7000,t60_s,800,2,933.0,0.133,596.7,30.1,306.3,275.6,0.9678,0.9350,297,317
away,7000,t60_s,1200,0,1399.5,0.200,777.8,621.6,0.0,0.0,0.5558,0.5558,264,476
away,7000,t60_s,1200,1,1399.5,0.200,777.8,383.4,238.2,214.4,0.7260,0.7090,337,476
away,7000,t60_s,1200,2,1399.5,0.200,777.8,200.4,421.2,379.1,0.8568,0.8267,393,476
away,7000,t60_s,1600,0,1866.0,0.267,916.8,949.2,0.0,0.0,0.4913,0.4913,312,634
away,7000,t60_s,1600,1,1866.0,0.267,916.8,672.5,276.6,249.0,0.6396,0.6247,396,634
away,7000,t60_s,1600,2,1866.0,0.267,916.8,451.6,497.6,447.8,0.7580,0.7313,464,634
away,7000,t90_sw,400,0,313.0,0.045,279.3,33.6,0.0,0.0,0.8925,0.8925,95,106
away,7000,t90_sw,400,1,313.0,0.045,279.3,0.0,33.6,30.3,1.0000,0.9892,105,106
away,7000,t90_sw,400,2,313.0,0.045,279.3,0.0,33.6,30.3,1.0000,0.9892,105,106
away,7000,t90_sw,800,0,625.9,0.089,435.8,190.1,0.0,0.0,0.6963,0.6963,148,213
away,7000,t90_sw,800,1,625.9,0.089,435.8,37.8,152.2,137.0,0.9396,0.9152,195,213
away,7000,t90_sw,800,2,625.9,0.089,435.8,2.8,187.2,168.5,0.9955,0.9655,205,213
away,7000,t90_sw,1200,0,938.9,0.134,567.1,371.8,0.0,0.0,0.6040,0.6040,193,319
away,7000,t90_sw,1200,1,938.9,0.134,567.1,165.0,206.8,186.1,0.8243,0.8022,256,319
away,7000,t90_sw,1200,2,938.9,0.134,567.1,53.0,318.8,286.9,0.9436,0.9096,290,319
away,7000,t90_sw,1600,0,1251.8,0.179,675.4,576.4,0.0,0.0,0.5396,0.5396,230,426
away,7000,t90_sw,1600,1,1251.8,0.179,675.4,336.9,239.5,215.5,0.7309,0.7117,303,426
away,7000,t90_sw,1600,2,1251.8,0.179,675.4,168.8,407.5,366.8,0.8651,0.8326,354,426
away,7000,t90_e,400,0,240.9,0.034,236.4,4.5,0.0,0.0,0.9813,0.9813,80,82
away,7000,t90_e,400,1,240.9,0.034,236.4,0.0,4.5,4.1,1.0000,0.9981,82,82
away,7000,t90_e,400,2,240.9,0.034,236.4,0.0,4.5,4.1,1.0000,0.9981,82,82
away,7000,t90_e,800,0,481.8,0.069,435.2,46.7,0.0,0.0,0.9031,0.9031,148,164
away,7000,t90_e,800,1,481.8,0.069,435.2,0.1,46.6,42.0,0.9999,0.9902,162,164
away,7000,t90_e,800,2,481.8,0.069,435.2,0.0,46.7,42.0,1.0000,0.9903,162,164
away,7000,t90_e,1200,0,722.8,0.103,620.9,101.9,0.0,0.0,0.8591,0.8591,211,246
away,7000,t90_e,1200,1,722.8,0.103,620.9,2.3,99.6,89.6,0.9968,0.9830,242,246
away,7000,t90_e,1200,2,722.8,0.103,620.9,0.1,101.8,91.6,0.9999,0.9858,242,246
away,7000,t90_e,1600,0,963.7,0.138,783.7,180.0,0.0,0.0,0.8133,0.8133,266,328
away,7000,t90_e,1600,1,963.7,0.138,783.7,16.6,163.3,147.0,0.9827,0.9658,316,328
away,7000,t90_e,1600,2,963.7,0.138,783.7,1.6,178.4,160.5,0.9983,0.9798,321,328
away,7000,t90_w,400,0,229.7,0.033,215.5,14.2,0.0,0.0,0.9382,0.9382,73,78
away,7000,t90_w,400,1,229.7,0.033,215.5,0.0,14.2,12.8,1.0000,0.9938,78,78
away,7000,t90_w,400,2,229.7,0.033,215.5,0.0,14.2,12.8,1.0000,0.9938,78,78
away,7000,t90_w,800,0,459.3,0.066,357.1,102.2,0.0,0.0,0.7775,0.7775,121,156
away,7000,t90_w,800,1,459.3,0.066,357.1,0.8,101.4,91.2,0.9982,0.9761,152,156
away,7000,t90_w,800,2,459.3,0.066,357.1,0.0,102.2,92.0,1.0000,0.9777,153,156
away,7000,t90_w,1200,0,689.0,0.098,480.3,208.7,0.0,0.0,0.6971,0.6971,163,234
away,7000,t90_w,1200,1,689.0,0.098,480.3,39.1,169.6,152.7,0.9433,0.9186,215,234
away,7000,t90_w,1200,2,689.0,0.098,480.3,1.0,207.7,187.0,0.9986,0.9684,227,234
away,7000,t90_w,1600,0,918.7,0.131,591.6,327.1,0.0,0.0,0.6439,0.6439,201,312
away,7000,t90_w,1600,1,918.7,0.131,591.6,125.8,201.3,181.2,0.8630,0.8411,263,312
away,7000,t90_w,1600,2,918.7,0.131,591.6,17.5,309.6,278.6,0.9809,0.9472,296,312